active_bins,correct_rank,ghost_mass_fraction,id,kkt,mass,matched_components,method,minority_rate_recovered,minority_support_recall,partition,r_true,rank,relative_gap,scenario,seconds,selected_penalty,snr,spectral_leakage_fraction,stationarity,success,test_clean_rmse_sigma,test_observed_rmse_sigma,unmatched_mass_fraction,w1_logD
,True,0.0,development_000_single,,27.107014212041115,1,DOME,True,1.0,development,1,1,,single,1.5536708000581712,,50,0.0,,True,0.1841091635382439,1.007461412660419,0.0,0.0
,True,0.0,development_000_single,4.954336352544974e-16,27.107014212043232,1,DOME_S,True,1.0,development,1,1,,single,1.0353676000377163,,50,0.0,1.5132801808259168e-11,True,0.18410916353829515,1.0074614126604557,0.0,0.0
,True,0.0,development_000_single,,27.107014212065838,1,RAI,True,1.0,development,1,1,,single,0.8875145999481902,,50,0.0,,True,0.18410916353884452,1.0074614126608452,0.0,0.0
,True,0.0,development_000_single,4.954336352544974e-16,27.107014212043232,1,RAI_S,True,1.0,development,1,1,,single,1.0239845999749377,,50,0.0,1.5132801808259168e-11,True,0.18410916353829515,1.0074614126604557,0.0,0.0
,True,0.036013840553348275,development_001_double,,24.476563319247184,2,DOME,True,1.0,development,2,2,,double,0.9493823000229895,,50,0.03601384055334821,,True,0.24762859662591724,1.0507425171753915,0.0,0.1030298902468372
,True,0.0005131791839652277,development_001_double,3.522136454587511e-16,24.38750486812161,2,DOME_S,True,1.0,development,2,2,,double,1.3534014999167994,,50,0.0005131791839651243,2.1413018974623006e-08,True,0.21174470730701558,1.030352465744312,0.0,0.03424385389636444
,True,0.03601384466942612,development_001_double,,24.476563284042985,2,RAI,True,1.0,development,2,2,,double,1.0524800000712276,,50,0.03601384466942624,,True,0.24762859699149886,1.0507425176260927,0.0,0.1030298956367506
,True,0.0005131791839652277,development_001_double,3.522136454587511e-16,24.38750486812161,2,RAI_S,True,1.0,development,2,2,,double,1.326903500012122,,50,0.0005131791839651243,2.1413018974623006e-08,True,0.21174470730701558,1.030352465744312,0.0,0.03424385389636444
,True,0.06278982342415391,development_002_triple,,37.13936070803189,3,DOME,True,1.0,development,3,3,,triple,0.7345146000152454,,50,0.06278982342415398,,True,0.27334392644629996,1.0229873562667007,0.0,0.19009050101719363
,True,0.0006290642016334053,development_002_triple,3.062374235835203e-16,36.98521170876249,3,DOME_S,True,1.0000000000000002,development,3,3,,triple,0.7682239999994636,,50,0.0006290642016335166,7.176370196746871e-09,True,0.22302486242920289,1.021042696624951,0.0,0.05232606696130145
,False,0.2704511546946351,development_002_triple,,37.317802040969156,2,RAI,True,1.0,development,3,2,,triple,1.3089217999950051,,50,0.27045115469463504,,True,0.533652160825101,1.1205235646380465,1.9040315798342961e-16,0.4574483300177518
,True,0.0006290642016334053,development_002_triple,3.062374235835203e-16,36.98521170876249,3,RAI_S,True,1.0000000000000002,development,3,3,,triple,1.367277599987574,,50,0.0006290642016335166,7.176370196746871e-09,True,0.22302486242920289,1.021042696624951,0.0,0.05232606696130145
,False,0.034339567901312804,development_003_weak,,47.3710664460003,2,DOME,False,0.0,development,3,2,,weak,1.0203645000001416,,50,0.03433956790131287,,True,0.27122662035072237,0.9922624043682847,0.0,0.0926007053896374
,False,0.029747548527120013,development_003_weak,5.330907299873029e-16,47.373685817048056,2,DOME_S,False,0.0,development,3,2,,weak,1.1416318999836221,,50,0.029747548527120016,8.639310467771206e-10,True,0.25623950683702046,0.9902315672793085,0.0,0.07703264028284983
,False,0.0343395681493374,development_003_weak,,47.371066442156945,2,RAI,False,0.0,development,3,2,,weak,1.3526460999855772,,50,0.034339568149337245,,True,0.27122662053140606,0.9922624044901599,0.0,0.09260070569882889
,False,0.029747548527120013,development_003_weak,5.330907299873029e-16,47.373685817048056,2,RAI_S,False,0.0,development,3,2,,weak,1.4869299998972565,,50,0.029747548527120016,8.639310467771206e-10,True,0.25623950683702046,0.9902315672793085,0.0,0.07703264028284983
,False,0.2149876364613743,development_004_close,,28.389933170226044,2,DOME,True,1.0,development,3,2,,close,0.8069463999709114,,50,0.21498763646137434,,True,0.26839551989182076,1.0168956271898189,0.0,0.21568829477985235
,False,0.20984143903355093,development_004_close,3.1124564519962946e-16,28.34111081214688,2,DOME_S,True,1.0000000000000002,development,3,2,,close,0.8669568999903277,,50,0.20984143903355104,3.079619376829594e-08,True,0.2602677047112542,1.0130142644537625,0.0,0.19590842091430144
,False,0.21498763673817803,development_004_close,,28.389932803265346,2,RAI,True,1.0,development,3,2,,close,1.5549080000491813,,50,0.21498763673817806,,True,0.26839552026636804,1.016895619157053,0.0,0.21568830240535583
,False,0.20984143903355093,development_004_close,3.1124564519962946e-16,28.34111081214688,2,RAI_S,True,1.0000000000000002,development,3,2,,close,1.5847192000364885,,50,0.20984143903355104,3.079619376829594e-08,True,0.2602677047112542,1.0130142644537625,0.0,0.19590842091430144
,False,0.41851135140506796,development_005_proportional,,21.72646024596599,1,DOME,False,0.0,development,3,2,,proportional,1.3794589000754058,,50,0.0,,True,0.2670765979540531,1.040676277709365,0.41851135140506796,0.4276620183214187
,False,0.4185115635996693,development_005_proportional,2.0202490446002156e-16,21.72646000621946,1,DOME_S,False,0.0,development,3,2,,proportional,0.7920838000718504,,50,0.0,1.212081348023585e-07,True,0.2670765894958429,1.0406762754386805,0.4185115635996693,0.42766188470730493
,False,0.4185108947142736,development_005_proportional,,21.726460761905507,1,RAI,False,0.0,development,3,2,,proportional,0.6807984999613836,,50,0.0,,True,0.26707661616219147,1.0406762825986249,0.4185108947142736,0.427662305889465
,False,0.41851156362303393,development_005_proportional,3.403569133340459e-16,21.726460006193058,1,RAI_S,False,0.0,development,3,2,,proportional,0.7293444001115859,,50,0.0,1.2121237147555078e-07,True,0.26707658949491186,1.0406762754384307,0.41851156362303393,0.4276618846925929
,True,0.0,development_006_null,,0.0,0,DOME,,,development,0,0,,null,0.5775603000074625,,50,0.0,,True,0.0,1.0153098123368394,0.0,0.0
,True,0.0,development_006_null,0.0,0.0,0,DOME_S,,,development,0,0,,null,0.7765980999683961,,50,0.0,,True,0.0,1.0153098123368394,0.0,0.0
,True,0.0,development_006_null,,0.0,0,RAI,,,development,0,0,,null,0.3488847999833524,,50,0.0,,True,0.0,1.0153098123368394,0.0,0.0
,True,0.0,development_006_null,0.0,0.0,0,RAI_S,,,development,0,0,,null,0.35469329997431487,,50,0.0,,True,0.0,1.0153098123368394,0.0,0.0
,True,0.09036551641582412,development_007_broad,,31.160282850500558,3,DOME,True,1.0,development,3,3,,broad,0.8553356999764219,,50,0.09036551641582402,,True,0.27558075893875694,1.0242515812612145,0.0,0.24459578466697307
,True,0.00012445122850346388,development_007_broad,4.593086660289127e-16,30.911763078239606,3,DOME_S,True,1.0000000000000002,development,3,3,,broad,1.1975929000182077,,50,0.0001244512285034158,2.932634657540408e-08,True,0.2275116627000159,1.0125926699546952,1.1493080060844024e-16,0.18193112210090537
,False,0.6462986160740252,development_007_broad,,30.86938422113304,1,RAI,False,0.0,development,3,2,,broad,1.1406729000154883,,50,0.10931748293635137,,True,0.377417204430565,1.0540756081943905,0.6028872497778024,0.3993243970392722
,True,0.00012445122850346388,development_007_broad,4.593086660289127e-16,30.911763078239606,3,RAI_S,True,1.0000000000000002,development,3,3,,broad,1.2469961000606418,,50,0.0001244512285034158,2.932634657540408e-08,True,0.2275116627000159,1.0125926699546952,1.1493080060844024e-16,0.18193112210090537
,True,0.0,development_008_single,,21.645202867106843,1,DOME,True,1.0,development,1,1,,single,1.7357541000237688,,100,0.0,,True,0.1871020275261622,0.9717734808272831,0.0,0.0006368840753350423
,True,0.0,development_008_single,2.855248168731495e-16,21.6452028670941,1,DOME_S,True,1.0,development,1,1,,single,1.238928999984637,,100,0.0,6.820025488247566e-13,True,0.18710202752630742,0.9717734808273837,0.0,0.0006368840753350423
,True,0.0,development_008_single,,21.64520286709446,1,RAI,True,1.0,development,1,1,,single,1.1490965000120923,,100,0.0,,True,0.18710202752630412,0.9717734808273809,0.0,0.0006368840753350423
,True,0.0,development_008_single,2.855248168731495e-16,21.6452028670941,1,RAI_S,True,1.0,development,1,1,,single,1.061662899912335,,100,0.0,6.820025488247566e-13,True,0.18710202752630742,0.9717734808273837,0.0,0.0006368840753350423
,True,0.013335066563373108,development_009_double,,32.54248658902243,2,DOME,True,1.0,development,2,2,,double,1.33623840007931,,100,0.01333506656337309,,True,0.23522415545012568,1.0886059511171737,0.0,0.033110963971971705
,True,0.00034509315279176127,development_009_double,2.293256101591947e-16,32.486331046352774,2,DOME_S,True,1.0000000000000004,development,2,2,,double,1.1779439999954775,,100,0.0003450931527917253,3.4225855798144104e-10,True,0.20514782594968692,1.08089920516737,0.0,0.006112028140634109
,True,0.013335066010413616,development_009_double,,32.54248657694306,2,RAI,True,1.0,development,2,2,,double,1.525736799929291,,100,0.013335066010413689,,True,0.23522415355876888,1.0886059507300148,0.0,0.03311096347605091
,True,0.00034509315279176127,development_009_double,2.293256101591947e-16,32.486331046352774,2,RAI_S,True,1.0000000000000004,development,2,2,,double,1.3826622000196949,,100,0.0003450931527917253,3.4225855798144104e-10,True,0.20514782594968692,1.08089920516737,0.0,0.006112028140634109
,True,0.05916817373450737,development_010_triple,,32.26259886345659,3,DOME,True,1.0,development,3,3,,triple,0.6956271000672132,,100,0.0591681737345074,,True,0.2822953898108409,1.040696863697382,0.0,0.15753797893326038
,True,0.0019233503732001018,development_010_triple,4.719103698326301e-16,32.119914792314034,3,DOME_S,True,1.0000000000000002,development,3,3,,triple,0.6576985999708995,,100,0.0019233503731999372,4.441815055148811e-09,True,0.22484399039995598,1.0286262057477862,0.0,0.04483264137110936
,True,0.05916815990506921,development_010_triple,,32.26259887424149,3,RAI,True,1.0,development,3,3,,triple,1.3622696000384167,,100,0.05916815990506914,,True,0.2822953848235902,1.0406968622067594,0.0,0.15753795664945516
,True,0.0019233503732001018,development_010_triple,4.719103698326301e-16,32.119914792314034,3,RAI_S,True,1.0000000000000002,development,3,3,,triple,1.3679942999733612,,100,0.0019233503731999372,4.441815055148811e-09,True,0.22484399039995598,1.0286262057477862,0.0,0.04483264137110936
,False,0.019543631013551936,development_011_weak,,35.77310914810694,2,DOME,False,0.0,development,3,2,,weak,2.5799999000737444,,100,0.01954363101355179,,True,0.2468262713094642,1.0448182631481508,0.0,0.06262222293260111
,False,0.010864082004665734,development_011_weak,4.208604226021232e-16,35.739156474941794,2,DOME_S,False,0.0,development,3,2,,weak,1.1688036000123248,,100,0.010864082004665916,4.4365886258239345e-11,True,0.22111703600645985,1.0401329777956445,0.0,0.039422226759149824
,False,0.01954363089671615,development_011_weak,,35.773109149011134,2,RAI,False,0.0,development,3,2,,weak,1.5547715000575408,,100,0.01954363089671591,,True,0.24682627125822645,1.0448182632012315,1.9862481977743932e-16,0.06262222257507519
,False,0.010864082004665734,development_011_weak,4.208604226021232e-16,35.739156474941794,2,RAI_S,False,0.0,development,3,2,,weak,1.5235016999067739,,100,0.010864082004665916,4.4365886258239345e-11,True,0.22111703600645985,1.0401329777956445,0.0,0.039422226759149824
,True,0.13182708956204575,development_012_close,,38.347371865323126,3,DOME,True,1.0,development,3,3,,close,0.7691293000243604,,100,0.1318270895620456,,True,0.301200764655027,1.0520729644235538,0.0,0.15116322710520058
,True,0.06079110561405783,development_012_close,5.282674423157348e-16,38.2184655053559,3,DOME_S,True,0.9999999999999999,development,3,3,,close,0.8184232000494376,,100,0.06079110561405774,6.304742289644274e-09,True,0.2554855263649981,1.0401966792435984,1.8591608175909768e-16,0.07226433829224839
,False,0.27313735917059684,development_012_close,,38.431774470552725,2,RAI,True,1.0,development,3,2,,close,1.555356299970299,,100,0.27313735917059684,,True,0.45096545143624,1.1043063667234745,0.0,0.20333371117322424
,True,0.06079110561405783,development_012_close,5.282674423157348e-16,38.2184655053559,3,RAI_S,True,0.9999999999999999,development,3,3,,close,1.5055563999339938,,100,0.06079110561405774,6.304742289644274e-09,True,0.2554855263649981,1.0401966792435984,1.8591608175909768e-16,0.07226433829224839
,False,0.38768359675038655,development_013_proportional,,24.88426590103795,1,DOME,False,0.0,development,3,2,,proportional,1.3660152000375092,,100,0.0,,True,0.2624637051035406,0.9728281349732717,0.38768359675038655,0.41556016812791025
,False,0.3876835414619061,development_013_proportional,2.271070311462426e-16,24.884265966393848,1,DOME_S,False,0.0,development,3,2,,proportional,1.0566631999099627,,100,0.0,5.4204234597438295e-09,True,0.2624637105272707,0.9728281376198297,0.3876835414619061,0.41556018076029333
,False,0.3876835550480491,development_013_proportional,,24.884265950357154,1,RAI,False,0.0,development,3,2,,proportional,1.0596285000210628,,100,0.0,,True,0.26246370918709305,0.9728281369681849,0.3876835550480491,0.4155601776560644
,False,0.38768354146189216,development_013_proportional,4.501756398243077e-16,24.884265966393855,1,RAI_S,False,0.0,development,3,2,,proportional,0.9545179000124335,,100,0.0,5.420427454876959e-09,True,0.26246371052727213,0.9728281376198301,0.38768354146189216,0.4155601807602965
,True,0.0,development_014_null,,0.0,0,DOME,,,development,0,0,,null,0.8978170000482351,,100,0.0,,True,0.0,1.0033012742192222,0.0,0.0
,True,0.0,development_014_null,0.0,0.0,0,DOME_S,,,development,0,0,,null,0.7094969000900164,,100,0.0,,True,0.0,1.0033012742192222,0.0,0.0
,True,0.0,development_014_null,,0.0,0,RAI,,,development,0,0,,null,0.3751467000693083,,100,0.0,,True,0.0,1.0033012742192222,0.0,0.0
,True,0.0,development_014_null,0.0,0.0,0,RAI_S,,,development,0,0,,null,0.36198719998355955,,100,0.0,,True,0.0,1.0033012742192222,0.0,0.0
,True,0.05996048084759694,development_015_broad,,30.578572630753527,3,DOME,True,1.0,development,3,3,,broad,0.7240175000624731,,100,0.05996048084759699,,True,0.2507851845409387,1.0277534752468798,1.1618311036622621e-16,0.20037512153503595
,True,0.0004559274889840171,development_015_broad,5.245281865215116e-16,30.454732912518892,3,DOME_S,True,1.0,development,3,3,,broad,0.7184342000400648,,100,0.00045592748898410414,5.638727319272331e-09,True,0.20618969685942778,1.0213118358000033,1.1665555199599543e-16,0.1591943805285347
,True,0.05996048747422863,development_015_broad,,30.578572706322312,3,RAI,True,1.0,development,3,3,,broad,1.3562818999635056,,100,0.05996048747422862,,True,0.250785182125054,1.027753475157052,0.0,0.2003751262523401
,True,0.0004559274889840171,development_015_broad,5.245281865215116e-16,30.454732912518892,3,RAI_S,True,1.0,development,3,3,,broad,1.319680199958384,,100,0.00045592748898410414,5.638727319272331e-09,True,0.20618969685942778,1.0213118358000033,1.1665555199599543e-16,0.1591943805285347
,True,0.0,development_016_single,,32.907652405813536,1,DOME,True,1.0,development,1,1,,single,1.2656274000182748,,200,0.0,,True,0.1866734475768692,1.0175733956414892,0.0,0.0
,True,0.0,development_016_single,3.1340949131055793e-16,32.90765240543332,1,DOME_S,True,1.0,development,1,1,,single,1.4349839000497013,,200,0.0,1.0755769392451085e-09,True,0.1866734476283471,1.0175733956380486,0.0,0.0
,True,0.0,development_016_single,,32.90765240580811,1,RAI,True,1.0,development,1,1,,single,1.6144020999781787,,200,0.0,,True,0.18667344757760299,1.0175733956414397,0.0,0.0
,True,0.0,development_016_single,3.1340949131055793e-16,32.90765240543332,1,RAI_S,True,1.0,development,1,1,,single,1.5525117000797763,,200,0.0,1.0755769392451085e-09,True,0.1866734476283471,1.0175733956380486,0.0,0.0
,True,0.015883134379193163,development_017_double,,29.5454127726217,2,DOME,True,1.0,development,2,2,,double,1.3786711000138894,,200,0.015883134379193264,,True,0.2789437791478746,1.0425345471040763,0.0,0.033723241920065386
,True,0.0003275337339976604,development_017_double,2.8150097155050474e-16,29.496253756905094,2,DOME_S,True,1.0,development,2,2,,double,1.2696050000377,,200,0.00032753373399749275,1.8202080629724964e-09,True,0.2149451288314954,1.0224654101544344,0.0,0.014739694729160122
,True,0.01588313407312275,development_017_double,,29.54541277221274,2,RAI,True,1.0,development,2,2,,double,1.7015588000649586,,200,0.01588313407312283,,True,0.27894377813533505,1.042534546744166,0.0,0.03372324152085348
,True,0.0003275337339976604,development_017_double,2.8150097155050474e-16,29.496253756905094,2,RAI_S,True,1.0,development,2,2,,double,1.777918600011617,,200,0.00032753373399749275,1.8202080629724964e-09,True,0.2149451288314954,1.0224654101544344,0.0,0.014739694729160122
,True,0.020339338026637805,development_018_triple,,37.08503185270001,3,DOME,True,1.0,development,3,3,,triple,0.9507052999688312,,200,0.02033933802663788,,True,0.2700824258036411,1.0324444848685927,0.0,0.045961597864454605
,True,0.000274784737419962,development_018_triple,1.253003186569793e-15,37.00938138986976,3,DOME_S,True,1.0000000000000002,development,3,3,,triple,1.2997436000732705,,200,0.00027478473741995776,3.553261729574794e-11,True,0.20734610554094396,1.0138276891337599,1.9198989798694407e-16,0.011160177789103137
,True,0.02033933814149687,development_018_triple,,37.085031854323006,3,RAI,True,1.0,development,3,3,,triple,1.4154662999790162,,200,0.020339338141496837,,True,0.2700824262713873,1.0324444849633987,0.0,0.0459615979870957
,True,0.000274784737419962,development_018_triple,1.253003186569793e-15,37.00938138986976,3,RAI_S,True,1.0000000000000002,development,3,3,,triple,1.5992406000150368,,200,0.00027478473741995776,3.553261729574794e-11,True,0.20734610554094396,1.0138276891337599,1.9198989798694407e-16,0.011160177789103137
,True,0.04445840033942624,development_019_weak,,26.1137188593424,2,DOME,False,0.0,development,3,3,,weak,1.2078526000259444,,200,0.015126359494093066,,True,0.265015499111772,1.0239942162459545,0.029782542286608545,0.0723923779091526
,True,0.000193173327127603,development_019_weak,1.739941231398738e-16,25.90040187140238,3,DOME_S,True,0.39682243345029,development,3,3,,weak,0.9513213000027463,,200,0.000193173327127586,8.882620599674508e-09,True,0.2258459354212636,1.0059126487233865,0.0,0.04287594589952958
,False,0.027251819829661284,development_019_weak,,25.890270213231105,2,RAI,False,0.0,development,3,2,,weak,1.749850400025025,,200,0.027251819829661326,,True,0.2869413969447723,1.0280008137855563,0.0,0.07961085894538321
,True,0.00019317332712764012,development_019_weak,1.739941231398738e-16,25.90040187140243,3,RAI_S,True,0.39682243345029,development,3,3,,weak,1.7251961000729352,,200,0.00019317332712758564,8.882620599674508e-09,True,0.22584593542125597,1.005912648723383,0.0,0.04287594589952958
,True,0.09784814641406617,development_020_close,,35.602725359633844,3,DOME,True,1.0,development,3,3,,close,0.8248270000331104,,200,0.09784814641406608,,True,0.3144210731587499,1.0077515309053084,0.0,0.12251425873470854
,True,0.0738941214276461,development_020_close,6.162546672803764e-16,35.54803943630861,3,DOME_S,True,1.0000000000000002,development,3,3,,close,0.9054845001082867,,200,0.07389412142764612,1.2874647279872346e-08,True,0.26833123056039687,0.9917783478816099,0.0,0.08856869025875228
,False,0.2377311382245535,development_020_close,,35.74895950887198,2,RAI,True,1.0,development,3,2,,close,1.7766543999314308,,200,0.23773113822455338,,True,0.6229744326790824,1.142252081784657,0.0,0.16705415307211552
,True,0.0738941214276461,development_020_close,6.162546672803764e-16,35.54803943630861,3,RAI_S,True,1.0000000000000002,development,3,3,,close,1.753775899996981,,200,0.07389412142764612,1.2874647279872346e-08,True,0.26833123056039687,0.9917783478816099,0.0,0.08856869025875228
,False,0.39554104603294865,development_021_proportional,,35.3435263658761,1,DOME,False,0.0,development,3,2,,proportional,1.3632171000353992,,200,0.0,,True,0.29643472565789747,1.0680423365139091,0.39554104603294865,0.4290303702097602
,False,0.39554102739736907,development_021_proportional,2.767217898341652e-16,35.34352640426807,1,DOME_S,False,0.0,development,3,2,,proportional,1.1320389999309555,,200,0.0,2.9831006098654837e-09,True,0.29643474821049426,1.068042337287994,0.39554102739736907,0.42903037706677866
,False,0.3955410307544697,development_021_proportional,,35.343526398509326,1,RAI,False,0.0,development,3,2,,proportional,1.5053918999619782,,200,0.0,,True,0.296434743977791,1.0680423370300907,0.3955410307544697,0.42903037583089626
,False,0.3955410273973688,development_021_proportional,6.773872532352728e-16,35.34352640426809,1,RAI_S,False,0.0,development,3,2,,proportional,1.472957400023006,,200,0.0,2.9831074713781774e-09,True,0.29643474821049504,1.0680423372879946,0.3955410273973688,0.42903037706677877
,True,0.0,development_022_null,,0.0,0,DOME,,,development,0,0,,null,0.006298599997535348,,200,0.0,,True,0.0,0.9847365265340448,0.0,0.0
,True,0.0,development_022_null,0.0,0.0,0,DOME_S,,,development,0,0,,null,0.5529233000706881,,200,0.0,,True,0.0,0.9847365265340448,0.0,0.0
,True,0.0,development_022_null,,0.0,0,RAI,,,development,0,0,,null,0.2523421999067068,,200,0.0,,True,0.0,0.9847365265340448,0.0,0.0
,True,0.0,development_022_null,0.0,0.0,0,RAI_S,,,development,0,0,,null,0.3381015999475494,,200,0.0,,True,0.0,0.9847365265340448,0.0,0.0
,True,0.02985113061992089,development_023_broad,,35.89878786104808,3,DOME,True,1.0,development,3,3,,broad,0.7558161000488326,,200,0.029851130619920833,,True,0.3016891587928995,1.0247057420671681,0.0,0.16716879729613035
,True,0.00040507367887477035,development_023_broad,2.3635397698783793e-16,35.803392302312254,3,DOME_S,True,1.0000000000000002,development,3,3,,broad,0.8720906000817195,,200,0.00040507367887483963,4.829158073436171e-10,True,0.25188308733969267,1.020245954942823,0.0,0.15099615347647427
,True,0.029851131439445375,development_023_broad,,35.89878786323595,3,RAI,True,1.0,development,3,3,,broad,1.7286601000232622,,200,0.029851131439445455,,True,0.30168915957537706,1.024705742191988,0.0,0.16716879776731713
,True,0.00040507367887477035,development_023_broad,2.3635397698783793e-16,35.803392302312254,3,RAI_S,True,1.0000000000000002,development,3,3,,broad,1.6859409000026062,,200,0.00040507367887483963,4.829158073436171e-10,True,0.25188308733969267,1.020245954942823,0.0,0.15099615347647427
,True,0.0,test_000_single,,27.735612654951197,1,DOME,True,1.0,test,1,1,,single,1.108187299920246,,50,0.0,,True,0.19122191898353502,1.0285808519247785,0.0,0.0
,True,0.0,test_000_single,1.877558299021673e-16,27.73561265498576,1,DOME_S,True,1.0,test,1,1,,single,0.8809924999950454,,50,0.0,1.7701093757948447e-11,True,0.19122191898959606,1.0285808519256252,0.0,0.0
,True,0.0,test_000_single,,27.735612653508326,1,RAI,True,1.0,test,1,1,,single,1.0160830999957398,,50,0.0,,True,0.19122191873063568,1.028580851889451,0.0,0.0
12,,,test_000_single,,,,RAI_Net_original,,,test,1,,9.13606388837446e-06,single,20.455356499995105,0.01,50,,,True,0.3445953425896613,,,0.32542125347540685
12,,,test_000_single,,,,RAI_Net_v2,,,test,1,,9.13606388837446e-06,single,10.692771199974231,0.01,50,,,True,0.3445953425896613,,,0.32542125347540685
,True,0.0,test_000_single,1.877558299021673e-16,27.73561265498576,1,RAI_S,True,1.0,test,1,1,,single,0.9554034000029787,,50,0.0,1.7701093757948447e-11,True,0.19122191898959606,1.0285808519256252,0.0,0.0
,True,0.029979311776987597,test_001_double,,27.192060070673172,2,DOME,True,1.0,test,2,2,,double,1.0501391000580043,,50,0.029979311776987694,,True,0.23166275366765143,1.0555266425849539,0.0,0.061184914457268876
,True,6.544305495855241e-17,test_001_double,2.909469505400797e-16,27.14355007609723,2,DOME_S,True,1.0,test,2,2,,double,1.0851309000281617,,50,0.0,8.337513150027763e-09,True,0.205608896346038,1.0443361912671438,0.0,0.03207978545077001
,True,0.029979315934319076,test_001_double,,27.192060071392575,2,RAI,True,1.0,test,2,2,,double,1.099121000035666,,50,0.02997931593431894,,True,0.23166275617224752,1.055526643384999,2.613052243539382e-16,0.061184920566241016
48,,,test_001_double,,,,RAI_Net_original,,,test,2,,2.8788847390687455e-14,double,22.925763299921528,0.0,50,,,True,0.30261524485105745,,,0.29984659374392103
38,,,test_001_double,,,,RAI_Net_v2,,,test,2,,3.723826454845031e-14,double,11.307916999910958,0.0,50,,,True,0.30122867206768056,,,0.30938189029440627
,True,6.544305495855241e-17,test_001_double,2.909469505400797e-16,27.14355007609723,2,RAI_S,True,1.0,test,2,2,,double,1.1276175000239164,,50,0.0,8.337513150027763e-09,True,0.205608896346038,1.0443361912671438,0.0,0.03207978545077001
,True,0.3283126515144822,test_002_triple,,31.921749913743874,2,DOME,False,0.0,test,3,3,,triple,0.6541079999879003,,50,0.10384338600379679,,True,0.2899935596839757,1.0287079368206369,0.2504799518353344,0.26255341492054446
,True,0.0005705181694123292,test_002_triple,5.767144629271352e-16,31.71747876872033,3,DOME_S,True,1.0,test,3,3,,triple,0.674558800063096,,50,0.0005705181694121636,1.5633564069070484e-09,True,0.22432378745382023,1.0089276582764577,0.0,0.07434597037672094
,False,0.20051822823793453,test_002_triple,,31.991601932812884,2,RAI,True,1.0,test,3,2,,triple,1.0290215000277385,,50,0.20051822823793436,,True,0.4782536096462551,1.092156804122437,0.0,0.478983337054848
8,,,test_002_triple,,,,RAI_Net_original,,,test,3,,9.763256943279234e-06,triple,38.57125569996424,0.1,50,,,True,0.34158546403244355,,,0.5487351662227992
8,,,test_002_triple,,,,RAI_Net_v2,,,test,3,,9.763256943279234e-06,triple,21.10759029991459,0.1,50,,,True,0.34158546403244355,,,0.5487351662227992
,True,0.0005705181694123292,test_002_triple,5.767144629271352e-16,31.71747876872033,3,RAI_S,True,1.0,test,3,3,,triple,1.1046212000073865,,50,0.0005705181694121636,1.5633564069070484e-09,True,0.22432378745382023,1.0089276582764577,0.0,0.07434597037672094
,False,0.033584946124783716,test_003_weak,,32.56398869342513,2,DOME,False,0.0,test,3,2,,weak,1.0713255999144167,,50,0.03358494612478384,,True,0.23721196788338741,1.0043273549112135,0.0,0.11196175663291263
,False,0.0003835037287722774,test_003_weak,3.981409680228437e-16,32.31875686222882,2,DOME_S,False,0.0,test,3,2,,weak,0.9194139000028372,,50,0.0003835037287723288,6.378362134629954e-09,True,0.20827706458944784,1.0029159554041798,0.0,0.05410624417971009
,False,0.03358493881403188,test_003_weak,,32.563988672330304,2,RAI,False,0.0,test,3,2,,weak,1.0394791000289842,,50,0.03358493881403195,,True,0.23721195955082905,1.00432735303987,0.0,0.11196174619615477
13,,,test_003_weak,,,,RAI_Net_original,,,test,3,,7.74244675290799e-06,weak,28.57397869997658,0.01,50,,,True,0.30638240928279287,,,0.4255029838839183
16,,,test_003_weak,,,,RAI_Net_v2,,,test,3,,7.863358449000366e-06,weak,13.775517700007185,0.01,50,,,True,0.3063827993019826,,,0.42550378693643315
,False,0.0003835037287722774,test_003_weak,3.981409680228437e-16,32.31875686222882,2,RAI_S,False,0.0,test,3,2,,weak,1.0816992999752983,,50,0.0003835037287723288,6.378362134629954e-09,True,0.20827706458944784,1.0029159554041798,0.0,0.05410624417971009
,True,0.1482527572145251,test_004_close,,38.12085392643879,3,DOME,True,1.0,test,3,3,,close,1.0542236000765115,,50,0.1482527572145251,,True,0.2814038164297642,1.0616166813855812,0.0,0.20379272539348423
,True,0.025598954676491537,test_004_close,3.717826985279062e-16,37.85920398731767,3,DOME_S,True,1.0,test,3,3,,close,1.2829769001109526,,50,0.02559895467649145,8.449623409144583e-10,True,0.2316954245176366,1.0559837426764715,0.0,0.07303941878407792
,False,0.1691722837134084,test_004_close,,38.163225378864496,2,RAI,True,1.0,test,3,2,,close,1.4777760000433773,,50,0.1691722837134084,,True,0.30478643305722936,1.0630091369037264,0.0,0.1774845146752553
9,,,test_004_close,,,,RAI_Net_original,,,test,3,,9.441103559659307e-06,close,109.13730810000561,0.01,50,,,True,0.3106090696661577,,,0.3784844278056057
9,,,test_004_close,,,,RAI_Net_v2,,,test,3,,9.441103559659307e-06,close,80.00639530003536,0.01,50,,,True,0.3106090696661577,,,0.3784844278056057
,True,0.025598954676491537,test_004_close,3.717826985279062e-16,37.85920398731767,3,RAI_S,True,1.0,test,3,3,,close,1.70408579998184,,50,0.02559895467649145,8.449623409144583e-10,True,0.2316954245176366,1.0559837426764715,0.0,0.07303941878407792
,False,0.4322597626992745,test_005_proportional,,30.17717488624508,1,DOME,False,0.0,test,3,2,,proportional,1.1122081000357866,,50,0.0,,True,0.27210393924174336,1.0269502453592332,0.4322597626992745,0.4217550513062759
,False,0.4322594523361196,test_005_proportional,3.493758081060976e-16,30.177175873023945,1,DOME_S,False,0.0,test,3,2,,proportional,0.8717720999848098,,50,0.0,5.61933784259715e-08,True,0.2721039182263214,1.0269502642458452,0.4322594523361196,0.4217551888694288
,False,0.4322595923713317,test_005_proportional,,30.177175427838282,1,RAI,False,0.0,test,3,2,,proportional,0.8397178000304848,,50,0.0,,True,0.2721039277121661,1.0269502557243637,0.4322595923713317,0.4217551268011097
8,,,test_005_proportional,,,,RAI_Net_original,,,test,3,,8.032577075689972e-06,proportional,6.447762299911119,0.1,50,,,True,0.341933609584609,,,0.3795116264581108
8,,,test_005_proportional,,,,RAI_Net_v2,,,test,3,,8.032577075689972e-06,proportional,3.8139606999466196,0.1,50,,,True,0.341933609584609,,,0.3795116264581108
,False,0.432259452328813,test_005_proportional,2.806170630881346e-16,30.17717587304716,1,RAI_S,False,0.0,test,3,2,,proportional,0.8597140999045223,,50,0.0,5.619630795006859e-08,True,0.2721039182258269,1.0269502642462898,0.432259452328813,0.4217551888726673
,True,0.0,test_006_null,,0.0,0,DOME,,,test,0,0,,null,0.05825699993874878,,50,0.0,,True,0.0,1.041720674706051,0.0,0.0
,True,0.0,test_006_null,0.0,0.0,0,DOME_S,,,test,0,0,,null,0.00851060007698834,,50,0.0,,True,0.0,1.041720674706051,0.0,0.0
,True,0.0,test_006_null,,0.0,0,RAI,,,test,0,0,,null,0.29954839998390526,,50,0.0,,True,0.0,1.041720674706051,0.0,0.0
8,,,test_006_null,,,,RAI_Net_original,,,test,0,,9.112493698296583e-06,null,3.1493985999841243,0.1,50,,,True,0.14481945538263818,,,0.0
8,,,test_006_null,,,,RAI_Net_v2,,,test,0,,9.112493698296583e-06,null,1.3609237000346184,0.1,50,,,True,0.14481945538263818,,,0.0
,True,0.0,test_006_null,0.0,0.0,0,RAI_S,,,test,0,0,,null,0.2991052999859676,,50,0.0,,True,0.0,1.041720674706051,0.0,0.0
,True,0.0642143352203785,test_007_broad,,36.59749378226349,3,DOME,True,1.0,test,3,3,,broad,0.8402056000195444,,50,0.0642143352203786,,True,0.2877935336979554,1.0148654949732419,0.0,0.2345214823363061
,True,2.143627155303075e-05,test_007_broad,4.4029506459836905e-16,36.29058245403293,3,DOME_S,True,1.0,test,3,3,,broad,0.9239448999287561,,50,2.143627155271217e-05,3.991197915137945e-09,True,0.24003436802603295,1.006962746526324,1.9579259623625535e-16,0.1729437376752132
,False,0.634044061586401,test_007_broad,,36.4620220554601,1,RAI,False,0.0,test,3,2,,broad,1.3063786000711843,,50,0.2123034001333916,,True,0.5669446664756028,1.150291087778927,0.5354100316345515,0.49121546739859995
8,,,test_007_broad,,,,RAI_Net_original,,,test,3,,9.969405376744995e-06,broad,69.50284969992936,0.1,50,,,True,0.34194112494294276,,,0.35169593175017144
8,,,test_007_broad,,,,RAI_Net_v2,,,test,3,,9.969405376744995e-06,broad,41.8532097999705,0.1,50,,,True,0.34194112494294276,,,0.35169593175017144
,True,2.143627155303075e-05,test_007_broad,4.4029506459836905e-16,36.29058245403293,3,RAI_S,True,1.0,test,3,3,,broad,1.5387358999578282,,50,2.143627155271217e-05,3.991197915137945e-09,True,0.24003436802603295,1.006962746526324,1.9579259623625535e-16,0.1729437376752132
,True,0.0,test_008_single,,26.74172357523136,1,DOME,True,1.0,test,1,1,,single,1.4179833000525832,,100,0.0,,True,0.18324381185923433,0.9657576488077139,0.0,0.02021116688137316
,True,0.0,test_008_single,2.9123259395580565e-16,26.741723575231493,1,DOME_S,True,1.0,test,1,1,,single,1.24221169995144,,100,0.0,1.5061029462204966e-10,True,0.18324381185926983,0.9657576488077252,0.0,0.02021116688137316
,True,0.0,test_008_single,,26.741723575131562,1,RAI,True,1.0,test,1,1,,single,1.374914800049737,,100,0.0,,True,0.183243811833393,0.9657576487997943,0.0,0.02021116688137316
13,,,test_008_single,,,,RAI_Net_original,,,test,1,,9.767661178730884e-06,single,45.25194290000945,0.01,100,,,True,0.34053571056665477,,,0.2622247425226944
13,,,test_008_single,,,,RAI_Net_v2,,,test,1,,9.530339780707167e-06,single,65.50002499995753,0.01,100,,,True,0.34051190793471525,,,0.2623147060069222
,True,0.0,test_008_single,2.9123259395580565e-16,26.741723575231493,1,RAI_S,True,1.0,test,1,1,,single,1.1846671000821516,,100,0.0,1.5061029462204966e-10,True,0.18324381185926983,0.9657576488077252,0.0,0.02021116688137316
,True,0.014507557075191314,test_009_double,,31.386628823033682,2,DOME,True,1.0,test,2,2,,double,1.228439599974081,,100,0.014507557075191338,,True,0.2380525887817456,1.0685493333542166,0.0,0.03395484923371717
,True,0.00039744184213815387,test_009_double,2.952662367680908e-16,31.322512129534942,2,DOME_S,True,1.0000000000000002,test,2,2,,double,0.9713656000094488,,100,0.0003974418421382616,7.696404363094172e-10,True,0.18411854648966255,1.0622308467950021,0.0,0.006309965958369019
,True,0.014507556854575143,test_009_double,,31.386628821592943,2,RAI,True,1.0,test,2,2,,double,1.824794799904339,,100,0.014507556854575047,,True,0.23805258844182617,1.0685493331075953,0.0,0.03395484883546299
13,,,test_009_double,,,,RAI_Net_original,,,test,2,,9.331255718114606e-06,double,81.68046890001278,0.01,100,,,True,0.3236184917596298,,,0.3475659314243404
20,,,test_009_double,,,,RAI_Net_v2,,,test,2,,9.63861729944239e-06,double,54.21696210000664,0.01,100,,,True,0.3236213696647072,,,0.3475657596841311
,True,0.00039744184213815387,test_009_double,2.952662367680908e-16,31.322512129534942,2,RAI_S,True,1.0000000000000002,test,2,2,,double,1.7564119000453502,,100,0.0003974418421382616,7.696404363094172e-10,True,0.18411854648966255,1.0622308467950021,0.0,0.006309965958369019
,True,0.056674302561778925,test_010_triple,,30.029510406364547,3,DOME,True,1.0,test,3,3,,triple,0.7700388999655843,,100,0.05667430256177905,,True,0.28498156189962437,1.0533123236389517,0.0,0.1163822373918996
,True,0.002023581709347138,test_010_triple,3.271339250167079e-16,29.924910837778484,3,DOME_S,True,1.0000000000000002,test,3,3,,triple,0.732386999996379,,100,0.0020235817093471,1.6914913111638261e-09,True,0.23301479172830228,1.0435350401013141,0.0,0.034536350798218665
,True,0.056674305030814935,test_010_triple,,30.029510403927233,3,RAI,True,1.0,test,3,3,,triple,1.60352900007274,,100,0.056674305030814935,,True,0.2849815642298822,1.0533123249728824,0.0,0.11638224281814717
48,,,test_010_triple,,,,RAI_Net_original,,,test,3,,5.657876337872581e-14,triple,10.972972800023854,0.0,100,,,True,0.33036305569914654,,,0.3407525070866097
38,,,test_010_triple,,,,RAI_Net_v2,,,test,3,,5.986822174848288e-14,triple,9.685480000101961,0.0,100,,,True,0.33077718793639094,,,0.33843603442787806
,True,0.002023581709347138,test_010_triple,3.271339250167079e-16,29.924910837778484,3,RAI_S,True,1.0000000000000002,test,3,3,,triple,1.6030756001127884,,100,0.0020235817093471,1.6914913111638261e-09,True,0.23301479172830228,1.0435350401013141,0.0,0.034536350798218665
,False,0.029619108201346857,test_011_weak,,30.201435257969152,2,DOME,False,0.0,test,3,2,,weak,1.3055170000297949,,100,0.02961910820134669,,True,0.2586052278663199,1.0662822674315355,1.1763393522375922e-16,0.08405578779312628
,False,0.029619107603723244,test_011_weak,3.2766754361050894e-16,30.201435259491028,2,DOME_S,False,0.0,test,3,2,,weak,1.085567600093782,,100,0.029619107603723306,5.966207160471869e-09,True,0.2586052268157502,1.0662822672483012,0.0,0.08405578720193041
,False,0.02961910737384742,test_011_weak,,30.201435265727234,2,RAI,False,0.0,test,3,2,,weak,1.6190141999395564,,100,0.02961910737384752,,True,0.25860522664640573,1.0662822674403638,1.1763393519354166e-16,0.08405578698388566
15,,,test_011_weak,,,,RAI_Net_original,,,test,3,,9.115178941393116e-06,weak,42.230549800093286,0.01,100,,,True,0.32883809345021725,,,0.3116406481344642
15,,,test_011_weak,,,,RAI_Net_v2,,,test,3,,9.115178942886442e-06,weak,38.993783300044015,0.01,100,,,True,0.3288380934501859,,,0.3116406481344625
,False,0.029619107603723244,test_011_weak,3.2766754361050894e-16,30.201435259491028,2,RAI_S,False,0.0,test,3,2,,weak,1.6240312999580055,,100,0.029619107603723306,5.966207160471869e-09,True,0.2586052268157502,1.0662822672483012,0.0,0.08405578720193041
,True,0.2995093156363224,test_012_close,,32.81825833126789,2,DOME,True,1.0,test,3,3,,close,1.0958300000056624,,100,0.15264696394425595,,True,0.28524850767444765,1.0571524004475739,0.17331896558213897,0.18985163329812246
,True,0.26772871192304576,test_012_close,5.618533517677644e-16,32.70803678776248,2,DOME_S,True,0.9999999999999998,test,3,3,,close,1.078987899934873,,100,0.1266601029156537,7.363471759509372e-08,True,0.23965520513349017,1.0438748436101866,0.16152772761023615,0.11706588030496125
,False,0.20164168838342567,test_012_close,,32.879754987114865,2,RAI,False,0.0,test,3,2,,close,1.8441604000981897,,100,0.20164168838342564,,True,0.36040050848064653,1.0776011019641416,0.0,0.1534830377116467
16,,,test_012_close,,,,RAI_Net_original,,,test,3,,9.873114063388627e-06,close,41.966168600018136,0.01,100,,,True,0.33101949222413757,,,0.35096739824263434
15,,,test_012_close,,,,RAI_Net_v2,,,test,3,,9.865946265244074e-06,close,50.70625429996289,0.01,100,,,True,0.3310194838745023,,,0.3509673444145432
,True,0.26772871192304576,test_012_close,5.618533517677644e-16,32.70803678776248,2,RAI_S,True,0.9999999999999998,test,3,3,,close,1.8352382999146357,,100,0.1266601029156537,7.363471759509372e-08,True,0.23965520513349017,1.0438748436101866,0.16152772761023615,0.11706588030496125
,False,0.4171784281299376,test_013_proportional,,26.45596210539935,1,DOME,False,0.0,test,3,2,,proportional,1.0347992000170052,,100,0.0,,True,0.2852695137779412,1.0580711362842194,0.4171784281299376,0.4851434020124802
,False,0.4171783216824543,test_013_proportional,3.997128375405478e-16,26.455962469222342,1,DOME_S,False,0.0,test,3,2,,proportional,0.881797399953939,,100,0.0,6.046646565694255e-08,True,0.2852695796075978,1.0580711501441113,0.4171783216824543,0.4851434633964531
,False,0.41717838271905144,test_013_proportional,,26.455962260221046,1,RAI,False,0.0,test,3,2,,proportional,1.0799788000294939,,100,0.0,,True,0.28526954183992814,1.0580711421811735,0.41717838271905144,0.4851434281992815
8,,,test_013_proportional,,,,RAI_Net_original,,,test,3,,8.30366902218114e-06,proportional,3.2711144000058994,0.1,100,,,True,0.3286610664082428,,,0.3994550186093485
8,,,test_013_proportional,,,,RAI_Net_v2,,,test,3,,8.30366902218114e-06,proportional,2.7157698000082746,0.1,100,,,True,0.3286610664082428,,,0.3994550186093485
,False,0.41717832168249175,test_013_proportional,4.954619709642265e-16,26.455962469222225,1,RAI_S,False,0.0,test,3,2,,proportional,1.0770621999399737,,100,0.0,6.046643255631312e-08,True,0.2852695796075741,1.0580711501441062,0.41717832168249175,0.4851434633964315
,True,0.0,test_014_null,,0.0,0,DOME,,,test,0,0,,null,0.007062499993480742,,100,0.0,,True,0.0,0.9448341015399075,0.0,0.0
,True,0.0,test_014_null,0.0,0.0,0,DOME_S,,,test,0,0,,null,0.007478300016373396,,100,0.0,,True,0.0,0.9448341015399075,0.0,0.0
,True,0.0,test_014_null,,0.0,0,RAI,,,test,0,0,,null,0.3797015999443829,,100,0.0,,True,0.0,0.9448341015399075,0.0,0.0
8,,,test_014_null,,,,RAI_Net_original,,,test,0,,8.756905052828375e-06,null,1.5371240000240505,0.1,100,,,True,0.12684763111536324,,,0.0
8,,,test_014_null,,,,RAI_Net_v2,,,test,0,,8.756905052828375e-06,null,1.2523832999868318,0.1,100,,,True,0.12684763111536324,,,0.0
,True,0.0,test_014_null,0.0,0.0,0,RAI_S,,,test,0,0,,null,0.33118560002185404,,100,0.0,,True,0.0,0.9448341015399075,0.0,0.0
,True,0.05103137295897098,test_015_broad,,32.165869935296044,3,DOME,True,1.0,test,3,3,,broad,0.7387081999331713,,100,0.05103137295897112,,True,0.26851050737563303,0.9983998927381776,0.0,0.1842434797524305
,True,0.012195984095785633,test_015_broad,6.49309977722765e-16,32.051251890864194,3,DOME_S,True,1.0000000000000002,test,3,3,,broad,0.7174451000755653,,100,0.012195984095785437,2.6875905906975632e-09,True,0.23793107089151963,0.9906137119329347,0.0,0.16395971812504423
,True,0.05103138263754107,test_015_broad,,32.16586996129746,3,RAI,True,1.0,test,3,3,,broad,1.6431588999694213,,100,0.051031382637540854,,True,0.2685105119056862,0.9983998942282315,2.2089958599442132e-16,0.1842434854289603
48,,,test_015_broad,,,,RAI_Net_original,,,test,3,,8.61989786096206e-14,broad,10.785080999950878,0.0,100,,,True,0.3162165080142516,,,0.319135095704375
48,,,test_015_broad,,,,RAI_Net_v2,,,test,3,,9.183358283143795e-14,broad,10.07852159999311,0.0,100,,,True,0.3163552629042808,,,0.3174058579670084
,True,0.012195984095785633,test_015_broad,6.49309977722765e-16,32.051251890864194,3,RAI_S,True,1.0000000000000002,test,3,3,,broad,1.6371849999995902,,100,0.012195984095785437,2.6875905906975632e-09,True,0.23793107089151963,0.9906137119329347,0.0,0.16395971812504423
,True,0.0,test_016_single,,31.24269481656518,1,DOME,True,1.0,test,1,1,,single,1.7219547999557108,,200,0.0,,True,0.22047818955528292,1.0056485821714103,0.0,0.0
,True,0.0,test_016_single,2.654017515374612e-16,31.242694816567045,1,DOME_S,True,1.0,test,1,1,,single,1.5765000999672338,,200,0.0,7.963302906659748e-14,True,0.22047818955581144,1.0056485821715433,0.0,0.0
,True,0.0,test_016_single,,31.24269481656702,1,RAI,True,1.0,test,1,1,,single,1.886261099949479,,200,0.0,,True,0.22047818955580173,1.0056485821715417,0.0,0.0
48,,,test_016_single,,,,RAI_Net_original,,,test,1,,9.160369717671517e-13,single,6.92345319991,0.0,200,,,True,0.32451850325762616,,,0.08899721397347332
43,,,test_016_single,,,,RAI_Net_v2,,,test,1,,8.878956895954295e-13,single,6.358759899972938,0.0,200,,,True,0.32425438549589647,,,0.08872671222765396
,True,0.0,test_016_single,2.654017515374612e-16,31.242694816567045,1,RAI_S,True,1.0,test,1,1,,single,1.879353400086984,,200,0.0,7.963302906659748e-14,True,0.22047818955581144,1.0056485821715433,0.0,0.0
,True,0.012078683693933112,test_017_double,,25.38557556046355,2,DOME,True,1.0,test,2,2,,double,1.236235599964857,,200,0.012078683693932996,,True,0.2550183673958312,1.0247951246746592,1.399500937191131e-16,0.02843515054230313
,True,9.808210885167538e-05,test_017_double,6.68923196620664e-16,25.346537716597275,2,DOME_S,True,1.0000000000000002,test,2,2,,double,1.200806099921465,,200,9.808210885155219e-05,3.6942687605965515e-10,True,0.19873380187369372,1.0134199444014087,0.0,0.005619287424985174
,True,0.01207868363275497,test_017_double,,25.385575556365737,2,RAI,True,1.0,test,2,2,,double,1.6014248999999836,,200,0.012078683632755079,,True,0.2550183667638528,1.024795124133128,0.0,0.028435150378461758
48,,,test_017_double,,,,RAI_Net_original,,,test,2,,1.8646838395154551e-13,double,9.505014199996367,0.0,200,,,True,0.33304101351673976,,,0.18248411484012922
48,,,test_017_double,,,,RAI_Net_v2,,,test,2,,1.8782508575238982e-13,double,8.61428579990752,0.0,200,,,True,0.3325641043077017,,,0.18009411819447463
,True,9.808210885167538e-05,test_017_double,6.68923196620664e-16,25.346537716597275,2,RAI_S,True,1.0000000000000002,test,2,2,,double,1.5573657000204548,,200,9.808210885155219e-05,3.6942687605965515e-10,True,0.19873380187369372,1.0134199444014087,0.0,0.005619287424985174
,True,0.018522240747873148,test_018_triple,,42.551049769840326,3,DOME,True,1.0,test,3,3,,triple,1.1762064000358805,,200,0.018522240747873002,,True,0.26847654171205254,1.031162645943132,1.669859473746108e-16,0.043145724978354456
,True,9.710345173165895e-05,test_018_triple,4.493125395606642e-16,42.49955605622355,3,DOME_S,True,1.0000000000000002,test,3,3,,triple,0.8712012999458238,,200,9.710345173160507e-05,1.1350259147175893e-10,True,0.21570074699345546,1.015187037009593,0.0,0.01376732435105741
,True,0.018522240996692772,test_018_triple,,42.55104977152229,3,RAI,True,1.0,test,3,3,,triple,2.2196932999650016,,200,0.018522240996692606,,True,0.26847654237958796,1.0311626462243209,1.6698594736801018e-16,0.0431457254102166
48,,,test_018_triple,,,,RAI_Net_original,,,test,3,,3.031559373987725e-13,triple,12.93781409994699,0.0,200,,,True,0.3419393714487448,,,0.22429307987101477
48,,,test_018_triple,,,,RAI_Net_v2,,,test,3,,4.3228198174053924e-13,triple,11.774817499914207,0.0,200,,,True,0.3421937350590943,,,0.22568010416481196
,True,9.710345173165895e-05,test_018_triple,4.493125395606642e-16,42.49955605622355,3,RAI_S,True,1.0000000000000002,test,3,3,,triple,2.091492800042033,,200,9.710345173160507e-05,1.1350259147175893e-10,True,0.21570074699345546,1.015187037009593,0.0,0.01376732435105741
,True,0.036627643892529635,test_019_weak,,35.36905323769146,2,DOME,False,0.0,test,3,3,,weak,1.4392034000484273,,200,0.013573741776391533,,True,0.2910042245972457,1.0768318431764878,0.023371135879588566,0.049207095518048714
,True,0.019624650548915257,test_019_weak,3.446041912010117e-16,35.24790199576261,2,DOME_S,False,0.0,test,3,3,,weak,1.4657187000848353,,200,0.007819973211045772,3.490689069025318e-09,True,0.25377273331588185,1.0677940522925322,0.011897717167391308,0.03239383589607887
,False,0.02542068118129503,test_019_weak,,35.145848827862345,2,RAI,False,0.0,test,3,2,,weak,2.0864447999047115,,200,0.025420681181295087,,True,0.3394912056720025,1.0871057323210473,0.0,0.05968222370267986
48,,,test_019_weak,,,,RAI_Net_original,,,test,3,,5.001132234946837e-13,weak,10.359353200066835,0.0,200,,,True,0.3455082865814843,,,0.18676481388872848
43,,,test_019_weak,,,,RAI_Net_v2,,,test,3,,5.203979986364807e-13,weak,9.55730969994329,0.0,200,,,True,0.3454406980240267,,,0.1899462875487488
,True,0.019624650548915455,test_019_weak,3.446041912010117e-16,35.24790199576262,2,RAI_S,False,0.0,test,3,3,,weak,2.2092984000919387,,200,0.007819973211046324,3.4906889840571886e-09,True,0.2537727333158834,1.0677940522925329,0.011897717167390902,0.03239383589607928
,True,0.09209520694024335,test_020_close,,29.964733606478568,3,DOME,True,1.0,test,3,3,,close,1.354924299987033,,200,0.0920952069402434,,True,0.26434002045514177,1.0404120988773715,0.0,0.12008385312999562
,True,0.018714876693423685,test_020_close,5.188746990441316e-16,29.91364623210151,3,DOME_S,True,0.9999999999999999,test,3,3,,close,1.1777085000649095,,200,0.018714876693423792,1.116821123710168e-09,True,0.22176001327354888,1.029926106306163,0.0,0.043654084786386965
,False,0.21267322479441178,test_020_close,,30.06691070487974,2,RAI,True,1.0,test,3,2,,close,2.0824760999530554,,200,0.21267322479441186,,True,0.5057218519528919,1.1330979180814236,0.0,0.1579608876438216
48,,,test_020_close,,,,RAI_Net_original,,,test,3,,2.6865079121184776e-13,close,12.121172399958596,0.0,200,,,True,0.31953780102779383,,,0.20244861349373414
48,,,test_020_close,,,,RAI_Net_v2,,,test,3,,2.6865079121184776e-13,close,10.748344799969345,0.0,200,,,True,0.31953780102779383,,,0.20244861349373414
,True,0.018714876693423685,test_020_close,5.188746990441316e-16,29.91364623210151,3,RAI_S,True,0.9999999999999999,test,3,3,,close,2.1227054999908432,,200,0.018714876693423792,1.116821123710168e-09,True,0.22176001327354888,1.029926106306163,0.0,0.043654084786386965
,True,6.534589050041947e-17,test_021_proportional,,27.183910507560498,3,DOME,True,1.0,test,3,3,,proportional,1.1976689000148326,,200,0.0,,True,0.3214356536036543,1.047841340225957,1.3069178100083893e-16,0.2550693683662394
,False,0.37839801477788143,test_021_proportional,5.795839045055013e-16,27.12754901867308,1,DOME_S,False,0.0,test,3,2,,proportional,2.310348500031978,,200,0.0,1.4974954083250146e-08,True,0.3619880306183522,1.0587009224694595,0.37839801477788143,0.46861585839363795
,False,0.3783980034291826,test_021_proportional,,27.12754904653709,1,RAI,False,0.0,test,3,2,,proportional,1.3171529000392184,,200,0.0,,True,0.36198804666084816,1.0587009244223686,0.3783980034291826,0.468615860230004
8,,,test_021_proportional,,,,RAI_Net_original,,,test,3,,9.034109287867998e-06,proportional,9.730126000009477,0.1,200,,,True,0.35409082515258183,,,0.32305057522995834
8,,,test_021_proportional,,,,RAI_Net_v2,,,test,3,,9.034109287867998e-06,proportional,6.574318200000562,0.1,200,,,True,0.35409082515258183,,,0.32305057522995834
,False,0.37839801477786583,test_021_proportional,7.444105635202682e-16,27.127549018673115,1,RAI_S,False,0.0,test,3,2,,proportional,1.3752622000174597,,200,0.0,1.4974934340575747e-08,True,0.3619880306183738,1.0587009224694623,0.37839801477786583,0.46861585839364056
,True,0.0,test_022_null,,0.0,0,DOME,,,test,0,0,,null,0.012379299965687096,,200,0.0,,True,0.0,0.9713334502589195,0.0,0.0
,True,0.0,test_022_null,0.0,0.0,0,DOME_S,,,test,0,0,,null,0.007099300040863454,,200,0.0,,True,0.0,0.9713334502589195,0.0,0.0
,True,0.0,test_022_null,,0.0,0,RAI,,,test,0,0,,null,0.2659542999463156,,200,0.0,,True,0.0,0.9713334502589195,0.0,0.0
8,,,test_022_null,,,,RAI_Net_original,,,test,0,,9.614623374239655e-06,null,1.5777915999060497,0.1,200,,,True,0.1697619860802175,,,0.0
8,,,test_022_null,,,,RAI_Net_v2,,,test,0,,9.614623374239655e-06,null,1.3068590000038967,0.1,200,,,True,0.1697619860802175,,,0.0
,True,0.0,test_022_null,0.0,0.0,0,RAI_S,,,test,0,0,,null,0.39216739998664707,,200,0.0,,True,0.0,0.9713334502589195,0.0,0.0
,True,0.03801403346928583,test_023_broad,,31.525481306676788,3,DOME,True,1.0,test,3,3,,broad,0.8088582999771461,,200,0.03801403346928585,,True,0.2823753077478168,1.0143131031643673,1.126934001178301e-16,0.17521532255349762
,True,0.0003597694841669231,test_023_broad,3.9721022695770157e-16,31.40616788723102,3,DOME_S,True,0.9999999999999998,test,3,3,,broad,0.8395681000547484,,200,0.0003597694841669628,4.448582202339535e-08,True,0.22198984957847562,1.0012373003965716,0.0,0.15294067829676553
,True,0.038014035118391624,test_023_broad,,31.525481305987075,3,RAI,True,1.0,test,3,3,,broad,1.8063927999464795,,200,0.03801403511839155,,True,0.2823753085355963,1.0143131035194108,0.0,0.17521532397186673
48,,,test_023_broad,,,,RAI_Net_original,,,test,3,,2.364558162395989e-13,broad,11.574334899894893,0.0,200,,,True,0.3428122348560181,,,0.2854473163674145
48,,,test_023_broad,,,,RAI_Net_v2,,,test,3,,2.3932913780083e-13,broad,10.477817900013179,0.0,200,,,True,0.34253113752095987,,,0.2752952638614946
,True,0.0003597694841669231,test_023_broad,3.9721022695770157e-16,31.40616788723102,3,RAI_S,True,0.9999999999999998,test,3,3,,broad,1.7777235999237746,,200,0.0003597694841669628,4.448582202339535e-08,True,0.22198984957847562,1.0012373003965716,0.0,0.15294067829676553
,True,0.0,test_024_single,,27.622001817168357,1,DOME,True,1.0,test,1,1,,single,2.0419915999518707,,50,0.0,,True,0.20388942904649612,1.0704165828194614,0.0,0.0
,True,0.0,test_024_single,4.3366335323996333e-16,27.622001813062447,1,DOME_S,True,1.0,test,1,1,,single,1.4789905999787152,,50,0.0,3.8687449212571714e-09,True,0.20388942863704082,1.070416582827384,0.0,0.0
,True,0.0,test_024_single,,27.62200181863744,1,RAI,True,1.0,test,1,1,,single,1.3426400000462309,,50,0.0,,True,0.2038894291929992,1.0704165828166268,0.0,0.0
,True,0.0,test_024_single,4.3366335323996333e-16,27.622001813062447,1,RAI_S,True,1.0,test,1,1,,single,1.3070461000315845,,50,0.0,3.8687449212571714e-09,True,0.20388942863704082,1.070416582827384,0.0,0.0
,True,0.03140926906795077,test_025_double,,26.06788423231881,2,DOME,True,1.0,test,2,2,,double,0.8476628999924287,,50,0.03140926906795072,,True,0.24041006988400992,1.0291298781721603,0.0,0.1081530785515242
,True,0.00048142010231302853,test_025_double,2.798078147570464e-16,25.93524984844754,2,DOME_S,True,1.0,test,2,2,,double,1.8147976999171078,,50,0.0004814201023129364,3.0278651044809546e-08,True,0.19878794290454485,1.0233603411458065,0.0,0.02482935965448499
,True,0.03140927090151639,test_025_double,,26.067884186563056,2,RAI,True,1.0,test,2,2,,double,1.0690592000028118,,50,0.03140927090151635,,True,0.24041007383392987,1.0291298777464346,0.0,0.1081530848025003
,True,0.00048142010231302853,test_025_double,2.798078147570464e-16,25.93524984844754,2,RAI_S,True,1.0,test,2,2,,double,1.147016300004907,,50,0.0004814201023129364,3.0278651044809546e-08,True,0.19878794290454485,1.0233603411458065,0.0,0.02482935965448499
,True,0.06578669053846242,test_026_triple,,43.89008468057933,3,DOME,True,1.0,test,3,3,,triple,1.2388182000722736,,50,0.0657866905384623,,True,0.2875709534646987,1.0534285550134184,0.0,0.1481852702660452
,True,0.0005746292400778164,test_026_triple,7.315903021457598e-16,43.620265407486265,3,DOME_S,True,1.0000000000000002,test,3,3,,triple,0.8350085000274703,,50,0.0005746292400777816,1.4792685647507196e-08,True,0.23038892087565732,1.0388370466700925,1.6289280432442172e-16,0.055725238266647444
,True,0.06578669524041998,test_026_triple,,43.89008468540561,3,RAI,True,1.0,test,3,3,,triple,1.5853193000657484,,50,0.06578669524042,,True,0.28757095451132964,1.0534285549456037,0.0,0.14818527510369525
,True,0.0005746292400778164,test_026_triple,7.315903021457598e-16,43.620265407486265,3,RAI_S,True,1.0000000000000002,test,3,3,,triple,1.6061954000033438,,50,0.0005746292400777816,1.4792685647507196e-08,True,0.23038892087565732,1.0388370466700925,1.6289280432442172e-16,0.055725238266647444
,False,0.025141282869371742,test_027_weak,,31.59234225504942,2,DOME,False,0.0,test,3,2,,weak,1.9192266000900418,,50,0.025141282869371673,,True,0.23041229596156004,1.010149605713621,0.0,0.08333549167622505
,False,0.013108024020338333,test_027_weak,6.194053435209374e-16,31.53066604022529,2,DOME_S,False,0.0,test,3,2,,weak,1.8008651999989524,,50,0.013108024020338078,8.458183587265855e-09,True,0.20971071797598329,1.0088533172672098,0.0,0.045559194713647846
,False,0.025141283499723673,test_027_weak,,31.5923422232761,2,RAI,False,0.0,test,3,2,,weak,1.643859599949792,,50,0.025141283499723787,,True,0.23041229398176077,1.01014960433674,0.0,0.08333548807342026
,False,0.013108024020338333,test_027_weak,6.194053435209374e-16,31.53066604022529,2,RAI_S,False,0.0,test,3,2,,weak,1.6923164000036195,,50,0.013108024020338078,8.458183587265855e-09,True,0.20971071797598329,1.0088533172672098,0.0,0.045559194713647846
,False,0.20094475363040107,test_028_close,,27.88546160307284,2,DOME,False,0.0,test,3,2,,close,1.8362166000297293,,50,0.2009447536304011,,True,0.2682834909859217,1.032626663054731,0.0,0.20868527007313867
,False,0.19235335596065847,test_028_close,6.520546415662343e-16,27.76574807794589,2,DOME_S,False,0.0,test,3,2,,close,1.540868500014767,,50,0.19235335596065856,4.117745184379136e-09,True,0.25994211930371064,1.0291861127276862,0.0,0.17490123163885143
,False,0.20094475445313387,test_028_close,,27.88546170506785,2,RAI,False,0.0,test,3,2,,close,1.4919163000304252,,50,0.20094475445313376,,True,0.268283493552988,1.0326266646497226,1.2740379615643364e-16,0.2086852642489874
,False,0.19235335596065847,test_028_close,6.520546415662343e-16,27.76574807794589,2,RAI_S,False,0.0,test,3,2,,close,1.6616307999938726,,50,0.19235335596065856,4.117745184379136e-09,True,0.25994211930371064,1.0291861127276862,0.0,0.17490123163885143
,False,0.4213051899673634,test_029_proportional,,22.555943548011157,1,DOME,False,0.0,test,3,2,,proportional,0.8525772000430152,,50,0.0,,True,0.2842614524142755,1.0489932927147574,0.42130518996736327,0.43144037874320096
,False,0.421304800998629,test_029_proportional,2.3239333696362335e-16,22.5559439355386,1,DOME_S,False,0.0,test,3,2,,proportional,1.0351219000294805,,50,0.0,4.1371514972500826e-08,True,0.2842613866951326,1.04899326904554,0.421304800998629,0.4314405382985151
,False,0.4213046160437262,test_029_proportional,,22.555944119815607,1,RAI,False,0.0,test,3,2,,proportional,0.8163887000409886,,50,0.0,,True,0.28426135544661113,1.048993257791158,0.4213046160437262,0.43144061416711926
,False,0.4213048009952249,test_029_proportional,2.4653216597913227e-16,22.555943935541983,1,RAI_S,False,0.0,test,3,2,,proportional,0.9693646000232548,,50,0.0,4.137076027299028e-08,True,0.28426138669455725,1.0489932690453327,0.4213048009952249,0.43144053829991136
,True,0.0,test_030_null,,0.0,0,DOME,,,test,0,0,,null,0.08017830003518611,,50,0.0,,True,0.0,0.9693780017059245,0.0,0.0
,True,0.0,test_030_null,0.0,0.0,0,DOME_S,,,test,0,0,,null,0.007611400098539889,,50,0.0,,True,0.0,0.9693780017059245,0.0,0.0
,True,0.0,test_030_null,,0.0,0,RAI,,,test,0,0,,null,0.3987668000627309,,50,0.0,,True,0.0,0.9693780017059245,0.0,0.0
,True,0.0,test_030_null,0.0,0.0,0,RAI_S,,,test,0,0,,null,0.3819746000226587,,50,0.0,,True,0.0,0.9693780017059245,0.0,0.0
,True,0.07633118396701548,test_031_broad,,38.62876387944335,3,DOME,True,1.0,test,3,3,,broad,1.1321478000609204,,50,0.07633118396701565,,True,0.2882305972545682,1.0532316154648078,0.0,0.2238627673819075
,True,1.853390463655119e-16,test_031_broad,1.1192911453366212e-15,38.33745504219443,3,DOME_S,True,1.0,test,3,3,,broad,1.1740565999643877,,50,0.0,1.9397668921230627e-09,True,0.24149129302205108,1.039336665800409,1.853390463655119e-16,0.1721841934364099
,False,0.55606011899922,test_031_broad,,38.59500761848249,1,RAI,False,0.0,test,3,2,,broad,1.9003417000640184,,50,0.1039294130515191,,True,0.5048095020421148,1.1234851086369584,0.504570412792375,0.3951352106029865
,True,1.853390463655119e-16,test_031_broad,1.1192911453366212e-15,38.33745504219443,3,RAI_S,True,1.0,test,3,3,,broad,1.962934899958782,,50,0.0,1.9397668921230627e-09,True,0.24149129302205108,1.039336665800409,1.853390463655119e-16,0.1721841934364099
,True,0.0,test_032_single,,29.190541286936178,1,DOME,True,1.0,test,1,1,,single,1.3458792000310495,,100,0.0,,True,0.19932296490983523,1.0011053592610308,0.0,0.0
,True,0.0,test_032_single,3.5190311617689285e-16,29.19054128691474,1,DOME_S,True,1.0,test,1,1,,single,1.599482799996622,,100,0.0,2.162016008936252e-12,True,0.19932296491257318,1.001105359260779,0.0,0.0
,True,0.0,test_032_single,,29.190541286909355,1,RAI,True,1.0,test,1,1,,single,1.6694130999967456,,100,0.0,,True,0.1993229649132618,1.0011053592607158,0.0,0.0
,True,0.0,test_032_single,3.5190311617689285e-16,29.19054128691474,1,RAI_S,True,1.0,test,1,1,,single,1.8770256000570953,,100,0.0,2.162016008936252e-12,True,0.19932296491257318,1.001105359260779,0.0,0.0
,True,0.012554053885056567,test_033_double,,38.50056261657322,2,DOME,True,1.0,test,2,2,,double,1.3962370000081137,,100,0.012554053885056525,,True,0.2591301386349213,1.0468778885305026,0.0,0.04598654295859604
,True,0.0,test_033_double,2.7929206127725063e-16,38.43302321646415,2,DOME_S,True,0.9999999999999999,test,2,2,,double,1.3210545000620186,,100,0.0,3.948131485108101e-11,True,0.20681185667209084,1.0316090624852883,0.0,0.005283620146352256
,True,0.012554054257804427,test_033_double,,38.50056262552372,2,RAI,True,1.0,test,2,2,,double,1.682572599966079,,100,0.012554054257804257,,True,0.2591301401423177,1.0468778890087351,0.0,0.045986543513217674
,True,0.0,test_033_double,2.7929206127725063e-16,38.43302321646415,2,RAI_S,True,0.9999999999999999,test,2,2,,double,1.8714927000692114,,100,0.0,3.948131485108101e-11,True,0.20681185667209084,1.0316090624852883,0.0,0.005283620146352256
,True,0.047899436157885125,test_034_triple,,38.09630224540098,3,DOME,True,1.0,test,3,3,,triple,0.6359858999494463,,100,0.04789943615788518,,True,0.29612950974319746,1.0467763701516881,0.0,0.11872314429221363
,True,1.4020743658509488e-16,test_034_triple,5.061810439479254e-16,38.00847264593148,3,DOME_S,True,1.0,test,3,3,,triple,0.6895838000345975,,100,0.0,7.647109873649698e-09,True,0.2352668994297888,1.0266115961218178,0.0,0.03604093729819672
,True,0.04789943489011311,test_034_triple,,38.096302247319,3,RAI,True,1.0,test,3,3,,triple,1.3626313999993727,,100,0.04789943489011316,,True,0.2961295090718404,1.0467763699044843,0.0,0.1187231427316557
,True,1.4020743658509488e-16,test_034_triple,5.061810439479254e-16,38.00847264593148,3,RAI_S,True,1.0,test,3,3,,triple,1.4404221000149846,,100,0.0,7.647109873649698e-09,True,0.2352668994297888,1.0266115961218178,0.0,0.03604093729819672
,False,0.026978728104498743,test_035_weak,,26.21166906529705,2,DOME,False,0.0,test,3,2,,weak,1.49268430005759,,100,0.026978728104498733,,True,0.23296978591732095,1.0273473964689928,0.0,0.08518543537152057
,False,0.013225558895031707,test_035_weak,3.8972875489589763e-16,26.166189784988617,2,DOME_S,False,0.0,test,3,2,,weak,1.3072448000311852,,100,0.013225558895031717,6.882553750429147e-10,True,0.19952402751802303,1.0232542725989686,0.0,0.040103171791632405
,False,0.026978727882365598,test_035_weak,,26.211669063306296,2,RAI,False,0.0,test,3,2,,weak,1.1874969000928104,,100,0.026978727882365685,,True,0.23296978531897064,1.027347396447104,0.0,0.08518543510333873
,False,0.013225558895031707,test_035_weak,3.8972875489589763e-16,26.166189784988617,2,RAI_S,False,0.0,test,3,2,,weak,1.2052730000577867,,100,0.013225558895031717,6.882553750429147e-10,True,0.19952402751802303,1.0232542725989686,0.0,0.040103171791632405
,True,0.13802011952480778,test_036_close,,45.29019926915641,3,DOME,True,1.0,test,3,3,,close,0.8720218999078497,,100,0.13802011952480778,,True,0.28057438932187434,1.039483967830182,0.0,0.17135630497520038
,True,0.10920862169632553,test_036_close,8.018170997419312e-16,45.19423259179939,3,DOME_S,True,1.0000000000000002,test,3,3,,close,0.8932608000468463,,100,0.10920862169632564,2.03326992679433e-08,True,0.23916723847830107,1.0298607635761408,0.0,0.12799155058502923
,False,0.1928798745278567,test_036_close,,45.500589307617304,2,RAI,False,0.0,test,3,2,,close,1.7663605998968706,,100,0.1928798745278568,,True,0.4095293179853688,1.0822630053260165,0.0,0.16091495770683273
,True,0.10920862169632553,test_036_close,8.018170997419312e-16,45.19423259179939,3,RAI_S,True,1.0000000000000002,test,3,3,,close,1.7021315000019968,,100,0.10920862169632564,2.03326992679433e-08,True,0.23916723847830107,1.0298607635761408,0.0,0.12799155058502923
,False,0.38846250129550214,test_037_proportional,,29.944417370082157,1,DOME,False,0.0,test,3,2,,proportional,0.8046898000175133,,100,6.165938459020773e-05,,True,0.27818438234251514,1.0183447325108488,0.3884247919445428,0.439138239950979
,False,0.38891416423251574,test_037_proportional,2.3787138167536943e-16,29.929384908088267,1,DOME_S,False,0.0,test,3,2,,proportional,1.060758699895814,,100,0.0,1.9744256607703523e-09,True,0.26974007263030925,1.0160892258516276,0.38891416423251574,0.4388471177920761
,False,0.3884625066796603,test_037_proportional,,29.94441736381699,1,RAI,False,0.0,test,3,2,,proportional,0.9409225999843329,,100,6.165938498459448e-05,,True,0.27818437701632365,1.0183447320906747,0.3884247973287917,0.4391382378091399
,False,0.38891416423251574,test_037_proportional,2.3787138167536943e-16,29.929384908088267,1,RAI_S,False,0.0,test,3,2,,proportional,0.9651132000144571,,100,0.0,1.9744256607703523e-09,True,0.26974007263030925,1.0160892258516276,0.38891416423251574,0.4388471177920761
,True,0.0,test_038_null,,0.0,0,DOME,,,test,0,0,,null,0.0063995999516919255,,100,0.0,,True,0.0,0.9832913800394052,0.0,0.0
,True,0.0,test_038_null,0.0,0.0,0,DOME_S,,,test,0,0,,null,0.006994600058533251,,100,0.0,,True,0.0,0.9832913800394052,0.0,0.0
,True,0.0,test_038_null,,0.0,0,RAI,,,test,0,0,,null,0.22540780005510896,,100,0.0,,True,0.0,0.9832913800394052,0.0,0.0
,True,0.0,test_038_null,0.0,0.0,0,RAI_S,,,test,0,0,,null,0.271720000077039,,100,0.0,,True,0.0,0.9832913800394052,0.0,0.0
,True,0.06241483046398906,test_039_broad,,32.489448819852285,3,DOME,True,1.0,test,3,3,,broad,0.7462972999783233,,100,0.06241483046398891,,True,0.2969742656877137,1.0127143734865973,2.1869953525525236e-16,0.19866098258852144
,True,0.0020303020030101523,test_039_broad,3.305098967189496e-16,32.349285014077935,3,DOME_S,True,1.0000000000000002,test,3,3,,broad,0.8455163000617176,,100,0.0020303020030101367,4.8319107743403113e-08,True,0.24000715140842155,0.9892730066310388,0.0,0.15950734444033018
,True,0.062414837231776966,test_039_broad,,32.489448815166234,3,RAI,True,1.0,test,3,3,,broad,1.4793784000212327,,100,0.06241483723177695,,True,0.2969742692126156,1.0127143745420384,0.0,0.19866098567503143
,True,0.0020303020030101523,test_039_broad,3.305098967189496e-16,32.349285014077935,3,RAI_S,True,1.0000000000000002,test,3,3,,broad,1.4832112001022324,,100,0.0020303020030101367,4.8319107743403113e-08,True,0.24000715140842155,0.9892730066310388,0.0,0.15950734444033018
,True,0.0002617517930240445,test_040_single,,21.733565376415072,1,DOME,True,1.0,test,1,1,,single,1.7565872999839485,,200,0.00026175179302416555,,True,0.2140408928045414,1.0453691052917362,0.0,7.920547278676701e-151
,True,1.6350966581356249e-16,test_040_single,2.679420083335276e-16,21.727851140319665,1,DOME_S,True,1.0,test,1,1,,single,1.4914312999462709,,200,0.0,7.136002767266619e-10,True,0.2071971000495726,1.0457735441911626,0.0,1.2938837291284174e-148
,True,0.00026175179302410326,test_040_single,,21.73356537641019,1,RAI,True,1.0,test,1,1,,single,1.2297531000804156,,200,0.00026175179302405594,,True,0.2140408928045226,1.0453691052913872,0.0,7.920547278676701e-151
,True,1.6350966581356249e-16,test_040_single,2.679420083335276e-16,21.727851140319665,1,RAI_S,True,1.0,test,1,1,,single,1.3898408999666572,,200,0.0,7.136002767266619e-10,True,0.2071971000495726,1.0457735441911626,0.0,1.2938837291284174e-148
,True,0.00862032208685108,test_041_double,,28.47719519791213,2,DOME,True,1.0,test,2,2,,double,0.8952320000389591,,200,0.008620322086851095,,True,0.24744590920813062,0.9991033956808264,0.0,0.02632287935065287
,True,0.00017289503042627424,test_041_double,4.0436427599753167e-16,28.452634070419197,2,DOME_S,True,1.0000000000000002,test,2,2,,double,0.9207045999355614,,200,0.00017289503042640318,1.0921773388186847e-11,True,0.21828324555579906,0.9961209630768075,0.0,0.004190030171030667
,True,0.008620322040913368,test_041_double,,28.47719519729749,2,RAI,True,1.0,test,2,2,,double,1.6434050999814644,,200,0.008620322040913264,,True,0.24744590907613126,0.9991033956545748,1.247564464894231e-16,0.026322879324879245
,True,0.00017289503042627424,test_041_double,4.0436427599753167e-16,28.452634070419197,2,RAI_S,True,1.0000000000000002,test,2,2,,double,1.623606099979952,,200,0.00017289503042640318,1.0921773388186847e-11,True,0.21828324555579906,0.9961209630768075,0.0,0.004190030171030667
,True,0.021668313097728275,test_042_triple,,33.230446321249275,3,DOME,True,1.0,test,3,3,,triple,0.8706234999699518,,200,0.02166831309772834,,True,0.2633414184058799,1.060166757368705,0.0,0.04637505120157965
,True,0.000502501057163905,test_042_triple,4.243859574538835e-16,33.19176723014931,3,DOME_S,True,1.0000000000000002,test,3,3,,triple,0.7146514999913052,,200,0.0005025010571638276,7.391859508854592e-10,True,0.22500460780662992,1.053711894096604,0.0,0.014872912004545026
,True,0.02166831258586249,test_042_triple,,33.23044632206819,3,RAI,True,1.0,test,3,3,,triple,1.6105604000622407,,200,0.021668312585862638,,True,0.2633414173837729,1.060166757055029,0.0,0.046375050462433
,True,0.000502501057163905,test_042_triple,4.243859574538835e-16,33.19176723014931,3,RAI_S,True,1.0000000000000002,test,3,3,,triple,1.678740100003779,,200,0.0005025010571638276,7.391859508854592e-10,True,0.22500460780662992,1.053711894096604,0.0,0.014872912004545026
,True,0.030753814942218363,test_043_weak,,36.21830784334489,2,DOME,False,0.0,test,3,3,,weak,1.0072312999982387,,200,0.011723153387343022,,True,0.2804811160783211,1.0511432863293892,0.019256407372188648,0.048034373291341505
,True,0.0,test_043_weak,4.914772937667644e-16,36.11078675914497,3,DOME_S,True,0.7203944499054162,test,3,3,,weak,0.8535368000157177,,200,0.0,1.1312550381341317e-08,True,0.2375472996737083,1.0323339005081302,0.0,0.023640536937330488
,False,0.025237876220020168,test_043_weak,,36.02427208554306,2,RAI,False,0.0,test,3,2,,weak,1.7168372999876738,,200,0.025237876220020248,,True,0.3182301579021441,1.0605706855509864,0.0,0.07141993475773192
,True,0.0,test_043_weak,4.914772937667644e-16,36.11078675914497,3,RAI_S,True,0.7203944499054162,test,3,3,,weak,1.708317199954763,,200,0.0,1.1312550381341317e-08,True,0.2375472996737083,1.0323339005081302,0.0,0.023640536937330488
,True,0.09190219294598852,test_044_close,,28.97040957988203,3,DOME,True,1.0,test,3,3,,close,0.9057977999327704,,200,0.09190219294598852,,True,0.2872270121869125,0.99726903699267,1.2263249744551826e-16,0.10102087505696776
,True,0.08037246654322658,test_044_close,3.3124344302442803e-16,28.944692135475215,3,DOME_S,True,1.0,test,3,3,,close,0.9894516000058502,,200,0.08037246654322669,5.838479959816816e-08,True,0.26021856433945756,0.9882917099658445,0.0,0.08482997482216487
,False,0.19577734513023537,test_044_close,,29.04354879065113,2,RAI,True,1.0,test,3,2,,close,1.6427951999939978,,200,0.19577734513023543,,True,0.5101884125875937,1.0804233679604502,0.0,0.14339637346273473
,True,0.08037246654322645,test_044_close,4.750545490183655e-16,28.944692135475215,3,RAI_S,True,1.0,test,3,3,,close,1.6650222999742255,,200,0.08037246654322645,5.838479913844774e-08,True,0.2602185643394577,0.9882917099658443,0.0,0.08482997482216531
,False,0.4010973946075563,test_045_proportional,,21.728678547956868,1,DOME,False,0.0,test,3,2,,proportional,1.2385735000716522,,200,0.0,,True,0.31298400464856196,1.0338608235072506,0.4010973946075563,0.46480489440707073
,False,0.40109736761193954,test_045_proportional,2.959007546939371e-16,21.728678604172384,1,DOME_S,False,0.0,test,3,2,,proportional,1.5129629999864846,,200,0.0,1.4360008105830082e-08,True,0.31298402814418386,1.0338608365420683,0.40109736761193954,0.4648049053678
,False,0.4010973788950194,test_045_proportional,,21.72867857936555,1,RAI,False,0.0,test,3,2,,proportional,0.9108305999543518,,200,0.0,,True,0.312984018682015,1.0338608311060546,0.4010973788950194,0.46480490078721315
,False,0.4010973676119302,test_045_proportional,4.882871177682477e-16,21.728678604172387,1,RAI_S,False,0.0,test,3,2,,proportional,1.194832699955441,,200,0.0,1.4360012288625027e-08,True,0.3129840281441925,1.0338608365420738,0.4010973676119302,0.46480490536780383
,True,0.0,test_046_null,,0.0,0,DOME,,,test,0,0,,null,0.06299270002637058,,200,0.0,,True,0.0,0.9914836779623095,0.0,0.0
,True,0.0,test_046_null,0.0,0.0,0,DOME_S,,,test,0,0,,null,0.03301730006933212,,200,0.0,,True,0.0,0.9914836779623095,0.0,0.0
,True,0.0,test_046_null,,0.0,0,RAI,,,test,0,0,,null,0.26041559991426766,,200,0.0,,True,0.0,0.9914836779623095,0.0,0.0
,True,0.0,test_046_null,0.0,0.0,0,RAI_S,,,test,0,0,,null,0.2696807999163866,,200,0.0,,True,0.0,0.9914836779623095,0.0,0.0
,True,0.021587009187488165,test_047_broad,,32.143136858686034,3,DOME,True,1.0,test,3,3,,broad,0.6364458999596536,,200,0.021587009187487988,,True,0.2785279982354284,1.0607869624720938,0.0,0.16691638771753725
,False,0.005109140070460686,test_047_broad,1.103267406640225e-15,32.09906910020714,3,DOME_S,True,1.0,test,3,4,,broad,0.6247542999917641,,200,0.0005613296306658689,1.1329705882091388e-08,True,0.2477515775172931,1.0567829468198684,0.004550364694328082,0.16150993649515286
,True,0.021587008522542934,test_047_broad,,32.14313685087943,3,RAI,True,1.0,test,3,3,,broad,1.5033354999031872,,200,0.021587008522543236,,True,0.27852799652733545,1.0607869625176174,0.0,0.1669163867150271
,False,0.005109140070460686,test_047_broad,1.103267406640225e-15,32.09906910020714,3,RAI_S,True,1.0,test,3,4,,broad,1.4926272999728099,,200,0.0005613296306658689,1.1329705882091388e-08,True,0.2477515775172931,1.0567829468198684,0.004550364694328082,0.16150993649515286
,False,0.0,close_overlap_r3_rep1,,51.16046284168906,2,DOME,False,0.0,archive,3,2,,close_overlap,1.964216599939391,,200.0,0.0,,True,0.24678964002845075,0.9905517754744765,0.0,0.14211866894683686
,False,0.03744270785693314,close_overlap_r3_rep1,6.388086660952526e-16,51.1070962973298,1,DOME_S,False,0.0,archive,3,2,,close_overlap,1.319300299976021,,200.0,0.0,6.443995477097935e-08,True,0.271832465044071,0.9975572041791402,0.03744270785693314,0.18632519199258138
,False,0.0,close_overlap_r3_rep1,,50.92950193869446,1,RAI,False,0.0,archive,3,1,,close_overlap,2.1672752999002114,,200.0,0.0,,True,0.38652031449238006,1.0364914120014652,0.0,0.17554114281782784
48,,,close_overlap_r3_rep1,,,,RAI_Net_original,,,archive,3,,3.5833903852190396e-13,close_overlap,7.162072799983434,0.0,200.0,,,True,0.3186926074916141,,,0.17531852311925528
48,,,close_overlap_r3_rep1,,,,RAI_Net_v2,,,archive,3,,5.431609927452073e-13,close_overlap,7.105002399999648,0.0,200.0,,,True,0.3188964306003271,,,0.17538797874637932
,False,0.03744270785693314,close_overlap_r3_rep1,6.388086660952526e-16,51.1070962973298,1,RAI_S,False,0.0,archive,3,2,,close_overlap,1.949602200067602,,200.0,0.0,6.443995477097935e-08,True,0.271832465044071,0.9975572041791402,0.03744270785693314,0.18632519199258138
,False,0.0,close_overlap_r3_rep2,,50.99939859246852,2,DOME,True,1.0,archive,3,2,,close_overlap,1.516449199989438,,200.0,0.0,,True,0.26092315407361066,1.02914331712144,0.0,0.11988170987035965
,False,1.3932375084674415e-16,close_overlap_r3_rep2,2.611967104647534e-16,50.99939755007715,2,DOME_S,True,1.0,archive,3,2,,close_overlap,1.1679659000365064,,200.0,0.0,1.339435025793721e-07,True,0.26092342269916824,1.0291434542297888,0.0,0.11988233635752073
,False,0.0,close_overlap_r3_rep2,,50.82059482694761,1,RAI,False,0.0,archive,3,1,,close_overlap,2.2259181999834254,,200.0,0.0,,True,0.377825249505689,1.0615122503916563,0.0,0.1755434746104544
48,,,close_overlap_r3_rep2,,,,RAI_Net_original,,,archive,3,,5.327844569312946e-13,close_overlap,7.112934599979781,0.0,200.0,,,True,0.34007229688966206,,,0.17561408468075862
48,,,close_overlap_r3_rep2,,,,RAI_Net_v2,,,archive,3,,5.055297342119359e-13,close_overlap,7.068848500028253,0.0,200.0,,,True,0.34013425699451805,,,0.17604651719353862
,False,0.0,close_overlap_r3_rep2,2.646856842333896e-16,50.999397550085455,2,RAI_S,True,1.0,archive,3,2,,close_overlap,2.028167799930088,,200.0,0.0,1.3394493968293113e-07,True,0.26092342269702395,1.0291434542286941,0.0,0.11988233635252049
,False,6.94440089593697e-17,close_overlap_r3_rep3,,51.159397794547296,2,DOME,True,1.0,archive,3,2,,close_overlap,1.0677411000942811,,200.0,0.0,,True,0.25149199323627425,1.0114647581176548,1.388880179187394e-16,0.11226226813460596
,True,0.09046391050570522,close_overlap_r3_rep3,4.0864145018662556e-16,51.157705731906105,1,DOME_S,False,0.0,archive,3,3,,close_overlap,1.2525005000643432,,200.0,0.0,1.8602000532369916e-10,True,0.2453499999868497,1.0171098207619802,0.09046391050570522,0.17753479691461768
,False,0.0,close_overlap_r3_rep3,,50.952911901343704,1,RAI,False,0.0,archive,3,1,,close_overlap,2.10652819997631,,200.0,0.0,,True,0.3743455573026264,1.0516798695883003,0.0,0.175542119163401
48,,,close_overlap_r3_rep3,,,,RAI_Net_original,,,archive,3,,3.387667129829749e-13,close_overlap,7.393891500076279,0.0,200.0,,,True,0.3387111034197321,,,0.17948648643192874
48,,,close_overlap_r3_rep3,,,,RAI_Net_v2,,,archive,3,,4.1986133896922757e-13,close_overlap,7.434485300094821,0.0,200.0,,,True,0.3386447694879871,,,0.17869750742584734
,True,0.09046391050570522,close_overlap_r3_rep3,4.0864145018662556e-16,51.157705731906105,1,RAI_S,False,0.0,archive,3,3,,close_overlap,1.932646599947475,,200.0,0.0,1.8602000532369916e-10,True,0.2453499999868497,1.0171098207619802,0.09046391050570522,0.17753479691461768
,False,0.39638892239916124,proportional_r3_rep1,,40.77608686411507,1,DOME,False,0.0,archive,3,2,,proportional,1.1701439999742433,,200.0,0.0,,True,0.30008756614636223,1.0374683874855763,0.39638892239916124,0.42810249899450215
,False,0.39638891068953713,proportional_r3_rep1,3.168902934374892e-16,40.77608690365841,1,DOME_S,False,0.0,archive,3,2,,proportional,1.0649082999443635,,200.0,0.0,3.044109661737722e-08,True,0.3000875776980178,1.0374683928474953,0.39638891068953713,0.42810249962353325
,False,0.3963889394668213,proportional_r3_rep1,,40.776086806668445,1,RAI,False,0.0,archive,3,2,,proportional,1.9251848000567406,,200.0,0.0,,True,0.3000875492772657,1.037468379659344,0.3963889394668213,0.4281024980775409
8,,,proportional_r3_rep1,,,,RAI_Net_original,,,archive,3,,8.44468134786633e-06,proportional,15.727867500041611,0.1,200.0,,,True,0.3307471699097677,,,0.21292033700357915
8,,,proportional_r3_rep1,,,,RAI_Net_v2,,,archive,3,,8.44468134786633e-06,proportional,6.341639299993403,0.1,200.0,,,True,0.3307471699097677,,,0.21292033700357915
,False,0.39638891068954935,proportional_r3_rep1,3.039227611880578e-16,40.776086903658395,1,RAI_S,False,0.0,archive,3,2,,proportional,1.7757927000056952,,200.0,0.0,3.044108902554515e-08,True,0.300087577698005,1.0374683928474893,0.39638891068954935,0.4281024996235325
,False,0.39844457212128753,proportional_r3_rep2,,40.77320467420927,1,DOME,False,0.0,archive,3,2,,proportional,1.5324647000525147,,200.0,0.0,,True,0.29923130058085656,1.0321945672172865,0.39844457212128753,0.4269931239841597
,False,0.3984445330508785,proportional_r3_rep2,3.8215541558856603e-16,40.77320480812938,1,DOME_S,False,0.0,archive,3,2,,proportional,2.7988975999178365,,200.0,0.0,9.025612795882862e-09,True,0.2992313317882053,1.032194576506925,0.3984445330508785,0.42699312596036254
,False,0.39844454192964773,proportional_r3_rep2,,40.773204778506525,1,RAI,False,0.0,archive,3,2,,proportional,2.015454599983059,,200.0,0.0,,True,0.29923132452897394,1.032194574363592,0.39844454192964773,0.4269931255108748
8,,,proportional_r3_rep2,,,,RAI_Net_original,,,archive,3,,5.3113902739753985e-06,proportional,12.146009200019762,0.1,200.0,,,True,0.33928659223122626,,,0.21416554968859672
8,,,proportional_r3_rep2,,,,RAI_Net_v2,,,archive,3,,5.3113902739753985e-06,proportional,6.36351910000667,0.1,200.0,,,True,0.33928659223122626,,,0.21416554968859672
,False,0.39844453305087235,proportional_r3_rep2,4.840595946534619e-16,40.77320480812939,1,RAI_S,False,0.0,archive,3,2,,proportional,1.9535658999811858,,200.0,0.0,9.02561674246001e-09,True,0.2992313317882101,1.0321945765069265,0.39844453305087235,0.4269931259603629
,False,0.3998562703391085,proportional_r3_rep3,,40.817882611706544,1,DOME,False,0.0,archive,3,2,,proportional,3.9882999999681488,,200.0,0.0,,True,0.29829925118328815,1.0849865889885086,0.3998562703391085,0.4236631722335057
,False,0.3998563430773263,proportional_r3_rep3,2.8389386936833014e-16,40.817882361671806,1,DOME_S,False,0.0,archive,3,2,,proportional,2.292224399978295,,200.0,0.0,5.3935886748555816e-08,True,0.2982992021184318,1.0849865795045133,0.3998563430773263,0.4236631675887896
,False,0.39985629173019904,proportional_r3_rep3,,40.817882538124536,1,RAI,False,0.0,archive,3,2,,proportional,2.4504133999580517,,200.0,0.0,,True,0.29829923675266573,1.0849865861962393,0.39985629173019904,0.4236631708676038
8,,,proportional_r3_rep3,,,,RAI_Net_original,,,archive,3,,5.7182527031027375e-06,proportional,4.735296000028029,0.1,200.0,,,True,0.36846665050224875,,,0.2236904653595159
8,,,proportional_r3_rep3,,,,RAI_Net_v2,,,archive,3,,5.7182527031027375e-06,proportional,4.2218874000245705,0.1,200.0,,,True,0.36846665050224875,,,0.2236904653595159
,False,0.39985634307704954,proportional_r3_rep3,6.020779298084657e-16,40.81788236167274,1,RAI_S,False,0.0,archive,3,2,,proportional,2.5817275000736117,,200.0,0.0,5.3935593384308477e-08,True,0.2982992021186179,1.0849865795045492,0.39985634307704954,0.42366316758880723
,True,0.0,r1_snr200_rep1,,16.166932578407742,1,DOME,True,1.0,archive,1,1,,standard,2.0420706999721006,,200.0,0.0,,True,0.23949539073010276,1.016946781983782,0.0,0.11978225023032124
,True,0.0,r1_snr200_rep1,1.4691915175739983e-16,16.166932578661463,1,DOME_S,True,1.0,archive,1,1,,standard,1.4879879000363871,,200.0,0.0,1.0508555240612727e-09,True,0.2394953907211362,1.0169467818880673,0.0,0.11978225023032124
,True,0.0,r1_snr200_rep1,,16.166932578251657,1,RAI,True,1.0,archive,1,1,,standard,1.2521025999449193,,200.0,0.0,,True,0.23949539073562018,1.0169467820426652,0.0,0.11978225023032124
48,,,r1_snr200_rep1,,,,RAI_Net_original,,,archive,1,,5.980075118592551e-13,standard,4.345834500039928,0.0,200.0,,,True,0.32904984030094814,,,0.12222488726005774
48,,,r1_snr200_rep1,,,,RAI_Net_v2,,,archive,1,,4.65814680934386e-13,standard,4.343277900014073,0.0,200.0,,,True,0.32896502130354355,,,0.12224594916887216
,True,0.0,r1_snr200_rep1,1.4691915175739983e-16,16.166932578661463,1,RAI_S,True,1.0,archive,1,1,,standard,1.1732034999877214,,200.0,0.0,1.0508555240612727e-09,True,0.2394953907211362,1.0169467818880673,0.0,0.11978225023032124
,True,0.0,r1_snr200_rep2,,16.180329430589126,1,DOME,True,1.0,archive,1,1,,standard,1.7338881999021396,,200.0,0.0,,True,0.22543504777570994,0.9645303195173126,0.0,0.11978225023032127
,True,0.0,r1_snr200_rep2,3.1536352385023623e-16,16.180329430007827,1,DOME_S,True,1.0,archive,1,1,,standard,1.328751499997452,,200.0,0.0,6.36899414936184e-09,True,0.2254350473986706,0.9645303194179083,0.0,0.11978225023032127
,True,0.0,r1_snr200_rep2,,16.18032943154482,1,RAI,True,1.0,archive,1,1,,standard,1.1457490000175312,,200.0,0.0,,True,0.22543504839559125,0.9645303196807404,0.0,0.11978225023032127
48,,,r1_snr200_rep2,,,,RAI_Net_original,,,archive,1,,4.586346916060784e-13,standard,4.3851378000108525,0.0,200.0,,,True,0.31293643757108763,,,0.1164877063796068
48,,,r1_snr200_rep2,,,,RAI_Net_v2,,,archive,1,,3.9779369068701206e-13,standard,4.3860310999443755,0.0,200.0,,,True,0.31289586391403784,,,0.11629967147165472
,True,0.0,r1_snr200_rep2,3.1536352385023623e-16,16.180329430007827,1,RAI_S,True,1.0,archive,1,1,,standard,1.1216143999481574,,200.0,0.0,6.36899414936184e-09,True,0.2254350473986706,0.9645303194179083,0.0,0.11978225023032127
,True,0.0,r1_snr200_rep3,,16.18165795296729,1,DOME,True,1.0,archive,1,1,,standard,1.626288800034672,,200.0,0.0,,True,0.23161199485207987,1.004967345242361,0.0,0.11978225023032128
,True,0.0,r1_snr200_rep3,1.6261307454850212e-16,16.18165795465773,1,DOME_S,True,1.0,archive,1,1,,standard,1.2012975999386981,,200.0,0.0,2.5878068161546614e-09,True,0.2316119953879752,1.0049673457656165,0.0,0.11978225023032128
,True,0.0,r1_snr200_rep3,,16.18165795402112,1,RAI,True,1.0,archive,1,1,,standard,1.2079093999927863,,200.0,0.0,,True,0.23161199518616002,1.0049673455685622,0.0,0.11978225023032128
48,,,r1_snr200_rep3,,,,RAI_Net_original,,,archive,1,,3.26816425407138e-13,standard,4.3380152999889106,0.0,200.0,,,True,0.3165606985840376,,,0.12377826347461515
48,,,r1_snr200_rep3,,,,RAI_Net_v2,,,archive,1,,5.348290686727062e-13,standard,4.355388200026937,0.0,200.0,,,True,0.31627480702246785,,,0.12352939697230962
,True,0.0,r1_snr200_rep3,1.6261307454850212e-16,16.18165795465773,1,RAI_S,True,1.0,archive,1,1,,standard,1.3337921000784263,,200.0,0.0,2.5878068161546614e-09,True,0.2316119953879752,1.0049673457656165,0.0,0.11978225023032128
,True,0.0,r1_snr50_rep1,,16.08443985167153,1,DOME,True,1.0,archive,1,1,,standard,1.1770849999738857,,50.0,0.0,,True,0.19488280405924954,1.0585910368245441,0.0,0.11978225023032127
,True,0.0,r1_snr50_rep1,1.8155475187879757e-16,16.084439852698058,1,DOME_S,True,1.0,archive,1,1,,standard,1.2713108999887481,,50.0,0.0,3.148220560160907e-10,True,0.19488280402354938,1.0585910367501048,0.0,0.11978225023032127
,True,0.0,r1_snr50_rep1,,16.08443985298855,1,RAI,True,1.0,archive,1,1,,standard,0.8350042999954894,,50.0,0.0,,True,0.19488280401344696,1.0585910367290396,0.0,0.11978225023032127
8,,,r1_snr50_rep1,,,,RAI_Net_original,,,archive,1,,9.65124384422603e-06,standard,11.494955100002699,0.1,50.0,,,True,0.33421869781054003,,,0.2508360420187341
8,,,r1_snr50_rep1,,,,RAI_Net_v2,,,archive,1,,9.65124384422603e-06,standard,14.841686600004323,0.1,50.0,,,True,0.33421869781054003,,,0.2508360420187341
,True,0.0,r1_snr50_rep1,1.8155475187879757e-16,16.084439852698058,1,RAI_S,True,1.0,archive,1,1,,standard,0.9200091999955475,,50.0,0.0,3.148220560160907e-10,True,0.19488280402354938,1.0585910367501048,0.0,0.11978225023032127
,True,0.0,r1_snr50_rep2,,16.083073823384098,1,DOME,True,1.0,archive,1,1,,standard,0.9313691999996081,,50.0,0.0,,True,0.16012549934740636,0.9349911443184904,0.0,0.11978225023032128
,True,0.0,r1_snr50_rep2,3.635886711920413e-16,16.083073817631764,1,DOME_S,True,1.0,archive,1,1,,standard,1.9634127999888733,,50.0,0.0,7.275684964197623e-09,True,0.16012549878442284,0.9349911445824542,0.0,0.11978225023032128
,True,0.0,r1_snr50_rep2,,16.08307382422724,1,RAI,True,1.0,archive,1,1,,standard,0.6296335000079125,,50.0,0.0,,True,0.16012549942992588,0.9349911442797993,0.0,0.11978225023032128
8,,,r1_snr50_rep2,,,,RAI_Net_original,,,archive,1,,1.3873016684908703e-05,standard,15.354682700010017,0.1,50.0,,,False,0.3178770138302022,,,0.2514825207406171
8,,,r1_snr50_rep2,,,,RAI_Net_v2,,,archive,1,,1.3873016684908703e-05,standard,18.6186091999989,0.1,50.0,,,False,0.3178770138302022,,,0.2514825207406171
,True,0.0,r1_snr50_rep2,3.635886711920413e-16,16.083073817631764,1,RAI_S,True,1.0,archive,1,1,,standard,0.7195903999963775,,50.0,0.0,7.275684964197623e-09,True,0.16012549878442284,0.9349911445824542,0.0,0.11978225023032128
,True,0.0,r1_snr50_rep3,,16.0513845427282,1,DOME,True,1.0,archive,1,1,,standard,0.9399847999447957,,50.0,0.0,,True,0.1710813414037869,0.9841186878464409,0.0,0.12188316545804993
,True,0.0,r1_snr50_rep3,2.8163826953476163e-16,16.051384544210404,1,DOME_S,True,1.0,archive,1,1,,standard,1.1654484000755474,,50.0,0.0,1.0335574549805083e-10,True,0.17108134134078884,0.9841186878494725,0.0,0.12188316545804993
,True,0.0,r1_snr50_rep3,,16.051384544122595,1,RAI,True,1.0,archive,1,1,,standard,0.7435636000009254,,50.0,0.0,,True,0.17108134134452105,0.9841186878492931,0.0,0.12188316545804993
16,,,r1_snr50_rep3,,,,RAI_Net_original,,,archive,1,,9.735961536243136e-06,standard,9.191533800098114,0.01,50.0,,,True,0.28973045459942653,,,0.15143918234448697
12,,,r1_snr50_rep3,,,,RAI_Net_v2,,,archive,1,,9.460086329229853e-06,standard,8.8010898999637,0.01,50.0,,,True,0.2897328283291295,,,0.1514394005274441
,True,0.0,r1_snr50_rep3,2.8163826953476163e-16,16.051384544210404,1,RAI_S,True,1.0,archive,1,1,,standard,0.6472089999588206,,50.0,0.0,1.0335574549805083e-10,True,0.17108134134078884,0.9841186878494725,0.0,0.12188316545804993
,True,0.00986136109975894,r2_snr200_rep1,,34.58855316876905,2,DOME,True,1.0,archive,2,2,,standard,2.3401752000208944,,200.0,0.009861361099759014,,True,0.25072847630515466,0.9636330205948281,0.0,0.14169368954657074
,True,0.00017798046631284023,r2_snr200_rep1,3.8548997308753343e-16,34.5247979401161,2,DOME_S,True,1.0,archive,2,2,,standard,2.1952470999676734,,200.0,0.00017798046631298427,6.434677153970124e-09,True,0.23875375516003414,0.9630398461651802,0.0,0.1343213496988351
,True,0.009861361014530378,r2_snr200_rep1,,34.5885531669354,2,RAI,True,1.0,archive,2,2,,standard,1.5389495000708848,,200.0,0.009861361014530052,,True,0.25072847632757955,0.9636330205985507,0.0,0.14169368952223382
48,,,r2_snr200_rep1,,,,RAI_Net_original,,,archive,2,,4.802957421778673e-13,standard,6.517223499948159,0.0,200.0,,,True,0.33556154845889036,,,0.16090023847703358
48,,,r2_snr200_rep1,,,,RAI_Net_v2,,,archive,2,,3.952686685651443e-13,standard,6.4662377999629825,0.0,200.0,,,True,0.3356855875532882,,,0.16119332043494314
,True,0.00017798046631284023,r2_snr200_rep1,3.8548997308753343e-16,34.5247979401161,2,RAI_S,True,1.0,archive,2,2,,standard,1.558824999956414,,200.0,0.00017798046631298427,6.434677153970124e-09,True,0.23875375516003414,0.9630398461651802,0.0,0.1343213496988351
,True,0.012685016275084577,r2_snr200_rep2,,34.54303762076181,2,DOME,True,1.0,archive,2,2,,standard,1.7023533000610769,,200.0,0.01268501627508468,,True,0.2518248245359845,1.031838110918459,0.0,0.144012111633294
,True,0.0004778463267335788,r2_snr200_rep2,5.275525264728806e-16,34.47747905583958,2,DOME_S,True,1.0,archive,2,2,,standard,1.9701151000335813,,200.0,0.0004778463267336277,1.1676210720160786e-08,True,0.2270773849146402,1.0198141474607492,0.0,0.13376700682883005
,True,0.012685016232179424,r2_snr200_rep2,,34.54303761817838,2,RAI,True,1.0,archive,2,2,,standard,1.4447697999421507,,200.0,0.012685016232179297,,True,0.2518248245409066,1.0318381107293038,0.0,0.14401211170336858
48,,,r2_snr200_rep2,,,,RAI_Net_original,,,archive,2,,4.3387559256410204e-13,standard,6.38886820001062,0.0,200.0,,,True,0.33904377656002976,,,0.17246194979022517
48,,,r2_snr200_rep2,,,,RAI_Net_v2,,,archive,2,,3.958607529501179e-13,standard,6.345217299996875,0.0,200.0,,,True,0.33898407753785076,,,0.1711236896517912
,True,0.0004778463267335788,r2_snr200_rep2,5.275525264728806e-16,34.47747905583958,2,RAI_S,True,1.0,archive,2,2,,standard,1.2954037999734282,,200.0,0.0004778463267336277,1.1676210720160786e-08,True,0.2270773849146402,1.0198141474607492,0.0,0.13376700682883005
,True,0.010235414246496346,r2_snr200_rep3,,34.57549192978474,2,DOME,True,1.0,archive,2,2,,standard,1.1575873999390751,,200.0,0.010235414246496481,,True,0.23648587875613358,1.0014345329179535,0.0,0.14184515838017397
,True,0.00039193434926703904,r2_snr200_rep3,3.7926336760378117e-16,34.50069852037443,2,DOME_S,True,1.0,archive,2,2,,standard,1.773140799952671,,200.0,0.0003919343492671303,1.0523127466782454e-09,True,0.2237932929674811,0.9918517922411236,0.0,0.13393482352359862
,True,0.01023541404793341,r2_snr200_rep3,,34.57549192474049,2,RAI,True,1.0,archive,2,2,,standard,1.5729450000217184,,200.0,0.010235414047933667,,True,0.23648587921475092,1.001434533237299,0.0,0.14184515833639735
48,,,r2_snr200_rep3,,,,RAI_Net_original,,,archive,2,,4.3239761073167656e-13,standard,6.491056300001219,0.0,200.0,,,True,0.3414973349842233,,,0.1700567947694225
48,,,r2_snr200_rep3,,,,RAI_Net_v2,,,archive,2,,4.639472625006386e-13,standard,6.5495488999877125,0.0,200.0,,,True,0.3415025684192582,,,0.16851749206900543
,True,0.00039193434926703904,r2_snr200_rep3,3.7926336760378117e-16,34.50069852037443,2,RAI_S,True,1.0,archive,2,2,,standard,1.8950862999772653,,200.0,0.0003919343492671303,1.0523127466782454e-09,True,0.2237932929674811,0.9918517922411236,0.0,0.13393482352359862
,True,0.027365783685204183,r2_snr50_rep1,,34.456805215794304,2,DOME,True,1.0,archive,2,2,,standard,1.3896139001008123,,50.0,0.027365783685204228,,True,0.2501064925205811,1.0186604744657002,0.0,0.16505864106697213
,True,0.0011430780556913134,r2_snr50_rep1,9.76310829346388e-16,34.29921724365143,2,DOME_S,True,0.9999999999999998,archive,2,2,,standard,0.8782746000215411,,50.0,0.0011430780556911469,6.281519750813179e-09,True,0.200847806438666,1.0075433834788987,2.0716004412363587e-16,0.13903208143436024
,True,0.027365782182866095,r2_snr50_rep1,,34.45680515984688,2,RAI,True,1.0,archive,2,2,,standard,1.0600127999205142,,50.0,0.027365782182866026,,True,0.25010649185166955,1.0186604749597234,0.0,0.16505864145757068
16,,,r2_snr50_rep1,,,,RAI_Net_original,,,archive,2,,9.601254561626757e-06,standard,21.719465700094588,0.01,50.0,,,True,0.3196477453173072,,,0.2515517087052782
15,,,r2_snr50_rep1,,,,RAI_Net_v2,,,archive,2,,9.54048928715397e-06,standard,20.948342600022443,0.01,50.0,,,True,0.31964808003335765,,,0.25155068063703734
,True,0.0011430780556913134,r2_snr50_rep1,9.76310829346388e-16,34.29921724365143,2,RAI_S,True,0.9999999999999998,archive,2,2,,standard,0.9559044000925496,,50.0,0.0011430780556911469,6.281519750813179e-09,True,0.200847806438666,1.0075433834788987,2.0716004412363587e-16,0.13903208143436024
,True,0.020705319345213528,r2_snr50_rep2,,34.388851144313094,2,DOME,True,1.0,archive,2,2,,standard,2.190247599966824,,50.0,0.020705319345213375,,True,0.21551233986614263,1.0241024023264185,0.0,0.15534118406033542
,True,0.0009302613393074385,r2_snr50_rep2,4.549005558232665e-16,34.2387214127528,2,DOME_S,True,1.0,archive,2,2,,standard,1.1084930000361055,,50.0,0.0009302613393072851,2.1716745181084134e-09,True,0.18684560844078843,1.0097914233670868,0.0,0.13748070020865608
,True,0.020705329365774572,r2_snr50_rep2,,34.38885108616457,2,RAI,True,1.0,archive,2,2,,standard,1.3808970000827685,,50.0,0.02070532936577448,,True,0.2155123501221565,1.0241024098258478,0.0,0.1553411911422932
13,,,r2_snr50_rep2,,,,RAI_Net_original,,,archive,2,,9.594331023127474e-06,standard,33.994594900053926,0.01,50.0,,,True,0.2955075561678348,,,0.2393562074018932
13,,,r2_snr50_rep2,,,,RAI_Net_v2,,,archive,2,,9.594331024106152e-06,standard,32.56106799992267,0.01,50.0,,,True,0.2955075561678299,,,0.2393562074019043
,True,0.0009302613393074385,r2_snr50_rep2,4.549005558232665e-16,34.2387214127528,2,RAI_S,True,1.0,archive,2,2,,standard,1.4681850998895243,,50.0,0.0009302613393072851,2.1716745181084134e-09,True,0.18684560844078843,1.0097914233670868,0.0,0.13748070020865608
,True,0.025601775459830507,r2_snr50_rep3,,34.60165310294308,2,DOME,True,1.0,archive,2,2,,standard,0.9866706999018788,,50.0,0.025601775459830556,,True,0.27568774696131615,1.0598778980194465,0.0,0.1630800974670509
,True,0.0009857983736717925,r2_snr50_rep3,3.6006676021830122e-16,34.4150060525031,2,DOME_S,True,1.0,archive,2,2,,standard,0.9697115999879315,,50.0,0.0009857983736716433,1.3650172909967167e-09,True,0.23677736062199645,1.045961998733556,0.0,0.1407013160266245
,True,0.02560177442340848,r2_snr50_rep3,,34.60165307637684,2,RAI,True,1.0,archive,2,2,,standard,1.0716382000828162,,50.0,0.025601774423408424,,True,0.27568774395940343,1.0598778970594982,0.0,0.16308009662261713
48,,,r2_snr50_rep3,,,,RAI_Net_original,,,archive,2,,3.5260342411447906e-14,standard,5.77588490000926,0.0,50.0,,,True,0.3547713139213825,,,0.2813885345254612
38,,,r2_snr50_rep3,,,,RAI_Net_v2,,,archive,2,,2.5054267273181878e-14,standard,5.340049899998121,0.0,50.0,,,True,0.3547850482145174,,,0.26702621805866805
,True,0.0009857983736717925,r2_snr50_rep3,3.6006676021830122e-16,34.4150060525031,2,RAI_S,True,1.0,archive,2,2,,standard,1.1552861999953166,,50.0,0.0009857983736716433,1.3650172909967167e-09,True,0.23677736062199645,1.045961998733556,0.0,0.1407013160266245
,True,0.019747366564482453,r3_snr200_rep1,,51.12643339271368,3,DOME,True,1.0,archive,3,3,,standard,1.2383170999819413,,200.0,0.01974736656448238,,True,0.2686345196446063,1.0229894319359845,0.0,0.14053566059508393
,True,0.002789860909305524,r3_snr200_rep1,6.508613463923385e-16,51.0525659889492,3,DOME_S,True,0.9999999999999998,archive,3,3,,standard,0.9619413999607787,,200.0,0.0027898609093056745,1.3683273093345456e-08,True,0.23432432058105548,1.0121505548425072,0.0,0.12902487149947647
,True,0.019747367431240698,r3_snr200_rep1,,51.12643339235231,3,RAI,True,1.0,archive,3,3,,standard,1.3457208001054823,,200.0,0.019747367431240604,,True,0.26863452099303964,1.0229894317541466,2.779551353826242e-16,0.14053566134896928
48,,,r3_snr200_rep1,,,,RAI_Net_original,,,archive,3,,4.374610406443672e-13,standard,7.401906799990684,0.0,200.0,,,True,0.32999579488042136,,,0.18285343388894343
48,,,r3_snr200_rep1,,,,RAI_Net_v2,,,archive,3,,4.2440020452065514e-13,standard,7.223686199984513,0.0,200.0,,,True,0.32969147212955324,,,0.1819296712068995
,True,0.002789860909305524,r3_snr200_rep1,6.508613463923385e-16,51.0525659889492,3,RAI_S,True,0.9999999999999998,archive,3,3,,standard,1.3846999999368563,,200.0,0.0027898609093056745,1.3683273093345456e-08,True,0.23432432058105548,1.0121505548425072,0.0,0.12902487149947647
,True,0.014289777832764416,r3_snr200_rep2,,51.201431188024486,3,DOME,True,1.0,archive,3,3,,standard,0.9340274999849498,,200.0,0.014289777832764486,,True,0.26717333350966654,1.0128966704377909,0.0,0.13699635848171507
,True,0.0019083033895412372,r3_snr200_rep2,4.219395105982599e-16,51.13199032300233,3,DOME_S,True,1.0000000000000002,archive,3,3,,standard,0.7635574000887573,,200.0,0.00190830338954123,1.3555211220356467e-08,True,0.24379147901415257,1.0062524859614694,0.0,0.1299738017666008
,True,0.014289778102854757,r3_snr200_rep2,,51.20143118268966,3,RAI,True,1.0,archive,3,3,,standard,1.4738652999512851,,200.0,0.014289778102854688,,True,0.26717333339383303,1.0128966702557378,0.0,0.1369963587340986
48,,,r3_snr200_rep2,,,,RAI_Net_original,,,archive,3,,4.4076253571653936e-13,standard,7.17673599999398,0.0,200.0,,,True,0.33053344201565105,,,0.19226614732982433
33,,,r3_snr200_rep2,,,,RAI_Net_v2,,,archive,3,,4.3043728395378476e-13,standard,7.045634200097993,0.0,200.0,,,True,0.3302479345862246,,,0.16491941638078297
,True,0.0019083033895412372,r3_snr200_rep2,4.219395105982599e-16,51.13199032300233,3,RAI_S,True,1.0000000000000002,archive,3,3,,standard,1.378170600044541,,200.0,0.00190830338954123,1.3555211220356467e-08,True,0.24379147901415257,1.0062524859614694,0.0,0.1299738017666008
,True,0.01686033884544746,r3_snr200_rep3,,51.22547039230342,3,DOME,True,1.0,archive,3,3,,standard,0.8119245000416413,,200.0,0.016860338845447458,,True,0.2721896580621378,1.0289107306118608,0.0,0.1398467989268028
,True,0.0018522243643996216,r3_snr200_rep3,3.1267716109608126e-16,51.09507072322589,3,DOME_S,True,0.9999999999999998,archive,3,3,,standard,0.7833774000173435,,200.0,0.0018522243643995806,3.33825520211665e-09,True,0.23611595526002233,1.0214719485470258,1.390628735223796e-16,0.12845953108454083
,True,0.016860339124120948,r3_snr200_rep3,,51.22547039015285,3,RAI,True,1.0,archive,3,3,,standard,1.479209000011906,,200.0,0.016860339124120948,,True,0.27218965876482315,1.0289107308693004,0.0,0.1398467990824726
48,,,r3_snr200_rep3,,,,RAI_Net_original,,,archive,3,,3.6609566378205386e-13,standard,7.320318900048733,0.0,200.0,,,True,0.3253135027367083,,,0.20277819274537875
38,,,r3_snr200_rep3,,,,RAI_Net_v2,,,archive,3,,5.387922340308099e-13,standard,7.312887699925341,0.0,200.0,,,True,0.32419377935651966,,,0.17599179730951692
,True,0.0018522243643996216,r3_snr200_rep3,3.1267716109608126e-16,51.09507072322589,3,RAI_S,True,0.9999999999999998,archive,3,3,,standard,1.4382307999767363,,200.0,0.0018522243643995806,3.33825520211665e-09,True,0.23611595526002233,1.0214719485470258,1.390628735223796e-16,0.12845953108454083
,True,0.04594290290364545,r3_snr50_rep1,,50.876075502625646,3,DOME,True,1.0,archive,3,3,,standard,0.8090650000376627,,50.0,0.04594290290364539,,True,0.27832715135028596,1.0258936352589705,0.0,0.18841067369289677
,True,0.0040492728298212625,r3_snr50_rep1,8.447148703289432e-16,50.594492774119914,3,DOME_S,True,1.0000000000000002,archive,3,3,,standard,0.8975295000709593,,50.0,0.004049272829821164,1.9953321722093665e-08,True,0.23755908567173206,1.0160835918193334,0.0,0.14946056296454752
,True,0.04594290319715067,r3_snr50_rep1,,50.87607542113587,3,RAI,True,1.0,archive,3,3,,standard,1.0048329000128433,,50.0,0.045942903197150574,,True,0.27832715192124013,1.0258936304246158,1.3966146757163455e-16,0.18841067298137304
11,,,r3_snr50_rep1,,,,RAI_Net_original,,,archive,3,,9.76405031714604e-06,standard,46.203914700075984,0.01,50.0,,,True,0.3147046526753241,,,0.27704537855672495
11,,,r3_snr50_rep1,,,,RAI_Net_v2,,,archive,3,,9.764050317523658e-06,standard,29.41778860008344,0.01,50.0,,,True,0.31470465267531356,,,0.27704537855672473
,True,0.0040492728298212625,r3_snr50_rep1,8.447148703289432e-16,50.594492774119914,3,RAI_S,True,1.0000000000000002,archive,3,3,,standard,1.0092447000788525,,50.0,0.004049272829821164,1.9953321722093665e-08,True,0.23755908567173206,1.0160835918193334,0.0,0.14946056296454752
,True,0.04904812162927773,r3_snr50_rep2,,51.00438186410561,3,DOME,True,1.0,archive,3,3,,standard,0.8832800999516621,,50.0,0.049048121629277845,,True,0.2724307651367491,0.9821766857244764,0.0,0.19481626140013253
,True,0.0016226010554451851,r3_snr50_rep2,3.0137785121043046e-16,50.68068410741094,3,DOME_S,True,1.0,archive,3,3,,standard,0.8397878999821842,,50.0,0.00162260105544516,8.93093646043123e-08,True,0.21831247502370563,0.9689682174033487,0.0,0.1460543107325985
,True,0.04904812890729377,r3_snr50_rep2,,51.004381773224026,3,RAI,True,1.0,archive,3,3,,standard,1.0252487000543624,,50.0,0.04904812890729376,,True,0.27243076922015885,0.9821766906706016,0.0,0.19481626934325996
16,,,r3_snr50_rep2,,,,RAI_Net_original,,,archive,3,,9.511652487130159e-06,standard,35.59352599992417,0.01,50.0,,,True,0.3027208969906585,,,0.2895560599889604
12,,,r3_snr50_rep2,,,,RAI_Net_v2,,,archive,3,,9.954480251990487e-06,standard,27.249653300037608,0.01,50.0,,,True,0.30271420182519376,,,0.2895558657585642
,True,0.0016226010554451851,r3_snr50_rep2,3.0137785121043046e-16,50.68068410741094,3,RAI_S,True,1.0,archive,3,3,,standard,1.103488300112076,,50.0,0.00162260105544516,8.93093646043123e-08,True,0.21831247502370563,0.9689682174033487,0.0,0.1460543107325985
,True,0.046502746266103026,r3_snr50_rep3,,50.98390437574135,3,DOME,True,1.0,archive,3,3,,standard,1.0625812999205664,,50.0,0.046502746266103,,True,0.2611411972460561,1.0306643336811,0.0,0.19786324527944368
,True,0.003350385522648315,r3_snr50_rep3,2.9229701132325795e-16,50.63910088660518,3,DOME_S,True,1.0,archive,3,3,,standard,1.0499925999902189,,50.0,0.0033503855226483486,5.853587445754893e-09,True,0.20673620634912243,1.0263487707399876,0.0,0.1455142402374411
,True,0.04650274381831853,r3_snr50_rep3,,50.983904639213776,3,RAI,True,1.0,archive,3,3,,standard,1.4208000999642536,,50.0,0.04650274381831842,,True,0.2611412051183955,1.0306643265054534,1.3936608833478656e-16,0.19786324900666594
12,,,r3_snr50_rep3,,,,RAI_Net_original,,,archive,3,,9.501217223414404e-06,standard,28.21243549999781,0.01,50.0,,,True,0.30796916828842724,,,0.29678790649721126
12,,,r3_snr50_rep3,,,,RAI_Net_v2,,,archive,3,,9.501217223414404e-06,standard,25.63421859999653,0.01,50.0,,,True,0.30796916828842724,,,0.29678790649721126
,True,0.003350385522648315,r3_snr50_rep3,2.9229701132325795e-16,50.63910088660518,3,RAI_S,True,1.0,archive,3,3,,standard,1.0909171000821516,,50.0,0.0033503855226483486,5.853587445754893e-09,True,0.20673620634912243,1.0263487707399876,0.0,0.1455142402374411
